sample_id,text,admiration,amusement,anger,annoyance,caring,confusion,curiosity,disappointment,disgust,excitement,fear,gratitude,joy,love,optimism,remorse,sadness,surprise
PP-R001,I'm grateful for having the time to do anything i want today 💓💓,0.0,0.5,0.0,0.0,0.0,0.0,0.0,0.0,0.0,0.0,0.0,0.0,0.5,0.0,0.0,0.0,0.0,0.0
PP-R002,Got dumped yesterday but it was a sunny beautiful day today.,0.0,0.0,0.0,0.0,0.0,0.0,0.0,0.0,0.0,0.0,0.0,0.0,0.0,0.0,0.5,0.0,0.0,0.0
PP-R003,it felt really wonderful to have been graced with a smile like that and I felt seen by a total stranger.,1.0,0.0,0.0,0.0,0.0,0.0,0.0,0.0,0.0,0.0,0.0,0.5,0.0,0.0,0.0,0.0,0.0,0.0
PP-R004,Our old lady cat Maya (16yo) is holding down kibble again putting some weight back on,0.0,0.0,0.0,0.0,0.0,0.0,0.0,0.0,0.0,0.0,0.0,0.0,0.5,0.0,0.0,0.0,0.0,0.0
PP-R005,I just started Journaling today and I didnt have a plan or structure I just started writing and before I even realized it I filled a page.,0.0,0.5,0.0,0.0,0.0,0.0,0.0,0.0,0.0,0.0,0.0,0.0,0.0,0.0,0.0,0.0,0.0,1.0
PP-R006,Thanks. I was just having bad thoughts how cold it is today. I shall wear warm clothes and go for a walk instead.,0.0,0.0,0.0,0.0,0.0,0.0,0.0,0.0,0.0,0.0,0.0,0.0,0.0,0.0,0.5,0.0,0.0,0.0
PP-R007,"Then today, my gf and i walk into a local tiny grocery store that we wanted to check out. There is a little sign saying the things on the shelf there are free to take, and what do i find there?",0.0,0.5,0.0,0.0,0.0,0.0,1.0,0.0,0.0,0.0,0.0,0.0,0.0,0.0,0.0,0.0,0.0,1.0
PP-R008,i find a beard oil. With Jojoba. No shit ingredience. Free for the taking... what are the chances??,0.0,0.5,0.0,0.0,0.0,0.0,1.0,0.0,0.0,0.5,0.0,0.0,0.0,0.0,0.0,0.0,0.0,1.0
PP-R009,My back hurts a little less today,0.0,0.0,0.0,0.0,0.0,0.0,0.0,0.0,0.0,0.0,0.0,0.0,0.0,0.0,0.0,0.0,0.0,0.0
PP-R010,My best friend coming to my family reunion,0.5,0.0,0.0,0.0,0.5,0.0,0.0,0.0,0.0,0.5,0.0,0.0,0.0,0.5,0.0,0.0,0.0,0.0
PP-R011,I was watching a live stream and the streamer mentioned my name,0.5,0.5,0.0,0.0,0.0,0.0,0.5,0.0,0.0,0.5,0.0,0.0,0.0,0.0,0.0,0.0,0.0,1.0
PP-R012,Hot water was restored in my building this evening after being out since Friday.,0.0,0.0,0.0,0.0,0.0,0.0,0.0,0.0,0.0,0.0,0.0,0.0,0.0,0.0,0.0,0.0,0.0,0.5
PP-R013,Tbh I'm kinda surprised by how good it felt.,0.0,0.5,0.0,0.0,0.0,0.0,0.0,0.0,0.0,0.5,0.0,0.0,1.0,0.0,0.0,0.0,0.0,1.0
PP-R014,I struggle a lot with writing things in my journal when I am having a good time.,0.0,0.0,0.0,0.0,0.0,0.5,0.0,0.5,0.0,0.0,0.0,0.0,0.0,0.0,0.0,0.0,0.0,0.0
PP-R015,"When I went back and read my entries, I mostly felt embarrassed and a little helpless.",0.0,0.0,0.0,0.5,0.0,0.0,0.0,0.5,0.0,0.0,0.0,0.0,0.0,0.0,0.0,0.5,0.0,0.0
PP-R016,"I really enjoy writing and journaling, but I can't keep up with it.",0.0,0.0,0.0,0.5,0.0,0.0,0.0,0.5,0.0,0.0,0.0,0.0,0.0,0.0,0.0,0.0,0.0,0.0
PP-R017,I've been having a rough few weeks since I've been spending an ungodly amount of time studying,0.0,0.0,0.5,1.0,0.0,0.0,0.0,0.5,0.0,0.0,0.0,0.0,0.0,0.0,0.0,0.5,0.5,0.0
PP-R018,"I hope we’ve crossed paths and smiled at each other. I love to brighten others days, and I hope one was yours.",0.0,0.0,0.0,0.0,1.0,0.0,0.0,0.0,0.0,0.0,0.0,0.0,0.5,0.0,0.0,0.0,0.0,0.0
PP-R019,I looked forward to seeing him each morning and would stop to ask how he was doing.,0.0,0.0,0.0,0.0,1.0,0.0,0.0,0.0,0.0,0.5,0.0,0.0,0.5,0.5,0.0,0.0,0.0,0.0
PP-R020,His grumpiness was instantly gone and he flashed back a most brilliant smile!,0.5,0.0,0.0,0.0,0.0,0.0,0.0,0.0,0.0,0.5,0.0,0.0,0.5,0.0,0.0,0.0,0.0,0.5
PP-R021,"I felt like even if I didn't matter to another person, I mattered to him.",0.0,0.0,0.0,0.0,0.0,0.0,0.0,0.0,0.0,0.5,0.0,0.5,0.5,1.0,0.0,0.0,0.0,0.0
PP-R022,I’m in my 30s but I have honestly never felt older than I did right then.,0.0,0.0,0.0,1.0,0.0,0.5,0.0,0.5,0.0,0.0,0.5,0.0,0.0,0.0,0.0,0.5,1.0,0.5
PP-R023,"Me, my husband and our three year old as we sang goofy songs together.",0.0,1.0,0.0,0.0,0.0,0.0,0.0,0.0,0.0,0.0,0.0,0.0,1.0,1.0,0.0,0.0,0.0,0.0
PP-R024,We talked for almost half an hour about everything and nothing.,0.0,0.5,0.0,0.0,0.5,0.0,0.0,0.0,0.0,0.0,0.0,0.0,0.5,0.0,0.0,0.0,0.0,0.0
PP-R025,"Instead, I only journal when I’m upset.",0.0,0.0,0.0,0.5,0.0,0.0,0.0,0.0,0.0,0.0,0.0,0.0,0.0,0.0,0.0,0.0,0.5,0.0
PP-R026,"I awkwardly avoid my journal altogether because I don’t want to read the old, painful entries!",0.0,0.0,0.0,0.5,0.0,0.0,0.0,0.5,0.0,0.0,1.0,0.0,0.0,0.0,0.0,0.5,0.5,0.0
PP-R027,I literally don’t know what else I’d say.,0.0,0.0,0.0,0.0,0.0,1.0,0.0,0.0,0.0,0.0,0.0,0.0,0.0,0.0,0.0,0.0,0.0,0.0
PP-R028,a vast majority of days just feel so routine and not noteworthy.,0.0,0.0,0.0,0.0,0.0,0.0,0.0,0.0,0.0,0.0,0.0,0.0,0.0,0.0,0.0,0.0,0.0,0.0
PP-R029,Some days I work sun up to sun down so there's 0 time to write.,0.0,0.0,0.0,0.5,0.0,0.0,0.0,0.5,0.0,0.0,0.0,0.0,0.0,0.0,0.0,0.0,0.5,0.0
PP-R030,I hope that she knows that she made my day and I am extremely grateful,0.5,0.0,0.0,0.0,0.0,0.0,0.0,0.0,0.0,0.0,0.0,1.0,1.0,0.5,0.0,0.0,0.0,0.0
PP-R031,basically makes me wake up and find motivation on my way to the bus every morning!,0.0,0.0,0.0,0.0,0.0,0.0,0.0,0.0,0.0,0.0,0.0,0.0,0.0,0.0,1.0,0.0,0.0,0.0
PP-R032,those people make my day 😊😁,0.5,0.0,0.0,0.0,0.0,0.0,0.0,0.0,0.0,0.5,0.0,1.0,1.0,0.0,0.5,0.0,0.0,0.0
PP-R033,this post made my day and enlightened my mood.,0.5,0.0,0.0,0.0,0.0,0.0,0.0,0.0,0.0,1.0,0.0,0.5,1.0,0.0,0.5,0.0,0.0,0.0
PP-R034,"Last night I saw a toad with a smaller, baby toad. They were eating bugs together in the driveway and I just thought it was cute :)",0.0,1.0,0.0,0.0,0.0,0.0,0.0,0.0,0.0,0.5,0.0,0.0,1.0,0.0,0.0,0.0,0.0,0.0
PP-R035,My partner,0.0,0.0,0.0,0.0,0.0,0.0,0.0,0.0,0.0,0.0,0.0,0.0,0.0,0.0,0.0,0.0,0.0,0.0
PP-R036,My family and friends,0.0,0.0,0.0,0.0,0.0,0.0,0.0,0.0,0.0,0.0,0.0,0.0,0.0,0.0,0.0,0.0,0.0,0.0
PP-R037,I have coffee chilling in the fridge for an iced coffee this morning,0.0,0.5,0.0,0.0,0.0,0.0,0.0,0.0,0.0,0.0,0.0,0.0,0.5,0.0,0.0,0.0,0.0,0.0
PP-R038,It made me a little happier that you said that :),0.0,0.5,0.0,0.0,0.0,0.0,0.0,0.0,0.0,0.0,0.0,0.5,0.5,0.0,0.5,0.0,0.0,0.0
PP-R039,A coworker told me it was work a clock after drawing a wristwatch on his hand.,0.0,1.0,0.0,0.0,0.0,0.0,0.0,0.0,0.0,0.0,0.0,0.0,0.5,0.0,0.0,0.0,0.0,0.0
PP-R040,someone on reddit said i asked a good question on the cooking subreddit,0.5,0.5,0.0,0.0,0.0,0.0,0.0,0.0,0.0,0.5,0.0,0.5,0.5,0.0,0.0,0.0,0.0,0.0
PP-R041,my partner wrote me a sweet message.,0.5,0.5,0.0,0.0,0.0,0.0,0.0,0.0,0.0,0.5,0.0,0.5,0.5,1.0,0.0,0.0,0.0,0.0
PP-R042,I'll smile right now for absolutely no fucking reason!   I'm limitless in my madness!,0.0,0.5,0.0,0.0,0.0,0.0,0.0,0.0,0.0,1.0,0.0,0.0,0.5,0.0,0.0,0.0,0.0,0.0
PP-R043,😀 ok this made me smile,0.0,0.5,0.0,0.0,0.0,0.0,0.0,0.0,0.0,0.0,0.0,0.0,0.5,0.0,0.0,0.0,0.0,0.0
PP-R044,it made my insides smile because work is usually a toxic wasteland,0.0,0.5,0.0,0.0,0.0,0.0,0.0,0.0,0.0,0.0,0.0,0.0,0.5,0.0,0.0,0.0,0.0,0.0
PP-R045,"Today, my dog got a new ball and has been going absolutely bonkers with it!",0.0,0.5,0.0,0.0,0.0,0.0,0.0,0.0,0.0,0.0,0.0,0.0,0.5,0.0,0.0,0.0,0.0,0.0
PP-R046,My dog resting her head on a pillow. It was very cute.,0.0,1.0,0.0,0.0,0.0,0.0,0.0,0.0,0.0,0.0,0.0,0.0,0.5,0.0,0.0,0.0,0.0,0.0
PP-R047,My physical therapist told me I’m doing an exceptional job after my surgery. Best he’s seen in years!,0.0,0.0,0.0,0.0,0.0,0.0,0.0,0.0,0.0,0.5,0.0,0.5,1.0,0.0,0.5,0.0,0.0,0.0
PP-R048,She is so annoying but so cute at the same time,0.0,0.5,0.0,0.5,0.0,0.0,0.0,0.0,0.0,0.0,0.0,0.0,0.0,0.0,0.0,0.0,0.0,0.0
PP-R049,Found out that my job got me a discount on a brand new Apple Macbook!,0.0,0.5,0.0,0.0,0.0,0.0,0.0,0.0,0.0,1.0,0.0,0.0,1.0,0.0,0.0,0.0,0.0,1.0
PP-R050,"It wasn't very much, but as a very avid penny-pincher I was thrilled.",0.0,0.0,0.0,0.0,0.0,0.0,0.0,0.0,0.0,0.5,0.0,0.0,1.0,0.0,0.0,0.0,0.0,0.0
PP-R051,My cat chasing a butterfly,0.0,0.5,0.0,0.0,0.0,0.0,0.0,0.0,0.0,0.0,0.0,0.0,0.5,0.0,0.0,0.0,0.0,0.0
PP-R052,she's back and hands me a coffee and hugs me before leaving again.,0.5,0.0,0.0,0.0,0.0,0.0,0.0,0.0,0.0,0.5,0.0,0.5,0.5,0.0,0.0,0.0,0.0,0.0
PP-R053,I used to write every day. And it got boring ans what i wrote waa boring too.,0.0,0.0,0.0,0.5,0.0,0.0,0.0,1.0,0.0,0.0,0.0,0.0,0.0,0.0,0.0,0.0,0.5,0.0
PP-R054,i guess I'm tired of writing the same things over and over?,0.0,0.0,0.0,0.5,0.0,0.0,0.0,0.0,0.0,0.0,0.0,0.0,0.0,0.0,0.0,0.0,0.0,0.0
PP-R055,Having a job. It's shit pay and dead end and it makes me miserable but I get to be productive and earn some money.,0.0,0.0,0.0,1.0,0.0,0.0,0.0,0.0,1.0,0.0,0.0,0.0,0.0,0.0,0.0,0.0,1.0,0.0
PP-R056,This is the kind of chill mindset i wanna develop for myself and i always fail to.,0.0,0.0,0.0,0.5,0.0,0.0,0.0,1.0,0.0,0.0,0.0,0.0,0.0,0.0,0.0,0.0,1.0,0.0
PP-R057,Felt great suddenly I got a cramp.,0.0,0.0,0.0,0.0,0.0,0.0,0.0,0.5,0.0,0.0,0.0,0.0,0.0,0.0,0.0,0.0,0.5,0.5
PP-R058,how do i start taking things lightly and just not worry and overthink about every little thing?,0.0,0.0,0.0,0.5,0.0,0.5,0.0,0.0,0.0,0.0,0.0,0.0,0.0,0.0,0.0,0.0,0.5,0.0
PP-R059,I am grateful for my health! 🙏😊,0.0,0.0,0.0,0.0,0.0,0.0,0.0,0.0,0.0,0.0,0.0,1.0,1.0,0.0,0.0,0.0,0.0,0.0
PP-R060,You just made me feel that's ok. Ty 😊,0.0,0.0,0.0,0.0,0.0,0.0,0.0,0.0,0.0,0.0,0.0,1.0,0.5,0.0,0.5,0.0,0.0,0.0
PP-R061,this cute guy gave me a crumb of attention!,0.0,0.5,0.0,0.0,0.0,0.0,0.0,0.0,0.0,0.5,0.0,0.0,0.5,0.0,0.0,0.0,0.0,0.0
PP-R062,i beat this gym leader in pokemon today!,0.0,1.0,0.0,0.0,0.0,0.0,0.0,0.0,0.0,0.5,0.0,0.0,1.0,0.0,0.0,0.0,0.0,0.0
PP-R063,it also felt kinda foreign reading it again.,0.0,0.0,0.0,0.0,0.0,0.0,0.0,0.0,0.0,0.0,0.0,0.0,0.0,0.0,0.0,0.0,0.0,0.0
PP-R064,the hugs I received since I’m getting ready to transfer from one location to another location at my job ❣️,0.5,0.0,0.0,0.0,0.0,0.0,0.0,0.0,0.0,0.0,0.0,0.5,0.5,0.0,0.0,0.0,0.0,0.0
PP-R065,I feel the same way! 💕,0.0,0.0,0.0,0.0,0.0,0.0,0.0,0.0,0.0,0.5,0.0,0.0,0.5,0.0,0.0,0.0,0.0,0.5
PP-R066,every time after a while journaling starts to feel awkward.,0.0,0.0,0.0,0.0,0.0,0.0,0.0,0.0,0.0,0.0,0.0,0.0,0.0,0.0,0.0,0.0,0.0,0.0
PP-R067,Sorry for the level of corn 😅,0.0,0.0,0.0,0.0,0.0,0.0,0.0,0.0,0.0,0.0,0.0,0.0,0.0,0.0,0.0,0.0,0.0,0.0
PP-R068,"I also find it to be disgusting, gross and evil.",0.0,0.0,0.0,0.0,0.0,0.0,0.0,0.0,1.0,0.0,0.0,0.0,0.0,0.0,0.0,0.0,0.0,0.0
PP-R069,i just say you're in the fucking way tbh,0.0,0.0,1.0,0.5,0.0,0.0,0.0,0.0,0.0,0.0,0.0,0.0,0.0,0.0,0.0,0.0,0.0,0.0
PP-R070,"I went to my favorite coffee shop, and they gave me a free coffee.",0.0,0.5,0.0,0.0,0.0,0.0,0.0,0.0,0.0,0.0,0.0,0.0,1.0,0.0,0.0,0.0,0.0,0.0
PP-R071,a random person at the grocery store who complimented my sneakers.,0.0,0.0,0.0,0.0,0.0,0.0,0.0,0.0,0.0,0.5,0.0,0.5,1.0,0.0,0.0,0.0,0.0,0.0
PP-R072,It was just witty banter during a social interaction with someone in my community.,0.0,0.5,0.0,0.0,0.0,0.0,0.0,0.0,0.0,0.0,0.0,0.0,0.5,0.0,0.0,0.0,0.0,0.0
PP-R073,Me and my girlfriend ask each other what our favorite part of the day was every night before we go to bed.,0.0,0.5,0.0,0.0,0.5,0.0,0.5,0.0,0.0,0.0,0.0,0.0,0.5,0.5,0.0,0.0,0.0,0.0
PP-R074,"There is a street dog near my home, which wagged its tail every single time someone said ""Hi"".",0.0,1.0,0.0,0.0,0.0,0.0,0.0,0.0,0.0,0.0,0.0,0.0,1.0,0.0,0.0,0.0,0.0,0.0
PP-R075,my oldest dog grumbling for her breakfast,0.0,0.5,0.0,0.0,0.0,0.0,0.0,0.0,0.0,0.0,0.0,0.0,0.5,0.5,0.0,0.0,0.0,0.0
PP-R076,the frequent meows of my very talkative little cat telling me what's on her mind,0.0,0.5,0.0,0.0,0.0,0.0,0.5,0.0,0.0,0.0,0.0,0.0,0.5,0.0,0.0,0.0,0.0,0.0
PP-R077,"I woke up 🥹 it’s a new dawn, it’s a new day!",0.0,0.0,0.0,0.0,0.0,0.0,0.0,0.0,0.0,0.5,0.0,0.0,0.5,0.0,1.0,0.0,0.0,0.0
PP-R078,When someone complimented my t shirt of a band called The Cure.,0.0,0.0,0.0,0.0,0.0,0.0,0.0,0.0,0.0,0.5,0.0,0.5,0.5,0.0,0.0,0.0,0.0,0.0
PP-R079,laying in bed with her talking about our favorite parts of the day has become my favorite part of the day.,0.0,0.5,0.0,0.0,0.0,0.0,0.0,0.0,0.0,0.0,0.0,0.0,0.5,1.0,0.0,0.0,0.0,0.0
PP-R080,Listening to my 2yo singing along,0.0,0.5,0.0,0.0,0.0,0.0,0.0,0.0,0.0,0.0,0.0,0.0,0.5,0.0,0.0,0.0,0.0,0.0
PP-R081,My newborn smiling in his sleep,0.0,0.5,0.0,0.0,0.0,0.0,0.0,0.0,0.0,0.0,0.0,0.0,0.5,0.5,0.0,0.0,0.0,0.0
PP-R082,Sunshine :) and that the spider i saw and googled is harmless to humans hahhaa,0.0,0.5,0.0,0.0,0.0,0.0,0.0,0.0,0.0,0.0,0.0,0.0,0.5,0.0,0.0,0.0,0.0,0.0
PP-R083,"Yesterday I lost an earring, searched everywhere for it but couldn't find it.",0.0,0.0,0.0,0.5,0.0,0.0,0.0,1.0,0.0,0.0,0.5,0.0,0.0,0.0,0.0,0.0,0.5,0.0
PP-R084,"Today I dropped a pencil and when I went to pick it up, I found my lost earring.",0.0,0.0,0.0,0.0,0.0,0.0,0.0,0.0,0.0,0.0,0.0,0.0,0.0,0.0,0.0,0.0,0.0,1.0
PP-R085,"Gave me a compliment, unexpected compliments can make my day",0.0,0.0,0.0,0.0,0.0,0.0,0.0,0.0,0.0,0.0,0.0,0.0,0.0,0.0,0.0,0.0,0.0,0.0
PP-R086,I feel embarrassed to be real with myself,0.0,0.0,0.0,0.0,0.0,0.0,0.0,0.5,0.0,0.0,0.0,0.0,0.0,0.0,0.0,0.0,0.0,0.0
PP-R087,even writing a recap of my day makes me feel distant/detached,0.0,0.0,0.0,0.0,0.0,0.0,0.0,0.5,0.0,0.0,,0.0,0.0,0.0,0.0,0.0,0.0,0.0
PP-R088,my brain freezes and becomes like overwhelmed,0.0,0.0,0.0,0.5,0.0,0.5,0.0,0.0,0.0,0.0,0.0,0.0,0.0,0.0,0.0,0.0,0.0,0.0
PP-R089,I get overwhelmed kinda easily,0.0,0.0,0.0,0.5,0.0,0.0,0.0,0.0,0.0,0.0,0.0,0.0,0.0,0.0,0.0,0.0,0.0,0.0
PP-R090,then I would feel a bit awkward that I typed in here 😭,0.0,0.0,0.0,0.0,0.0,0.0,0.0,0.0,0.0,0.0,0.0,0.0,0.0,0.0,0.0,0.0,0.0,0.0
PP-R091,i get so angry i just feel horrible,0.0,0.0,1.0,0.0,0.0,0.0,0.0,0.0,0.0,0.0,0.0,0.0,0.0,0.0,0.0,0.0,0.0,0.0
PP-R092,"I have some delivery packages, but the delivery guys do not have their own dolly. Therefore, quite often, I need to lend him mine.",0.0,0.0,0.0,0.5,0.0,0.0,0.0,0.0,0.0,0.0,0.0,0.0,0.0,0.0,0.0,0.0,0.0,0.0
PP-R093,"It’s my first to move-in day volunteer. Different from my expectation, it’s to assist first-year students with moving luggage. So tired. Between 9 am to 1 pm, I helped 10+ family to move their luggage. All of them took tons of luggage. I am not exaggerating, literally, mountain piles. But totally understood, first time to leave from home and start a new chapter, which reminded me my first day entering to this campus. I received thanks from them, and felt their happiness and looking forward to the future. It seems every student felt they are lucky to get exactly the room they want, some lived in high floor with good view, some lived close to emergency exit. I met different families from different backgrounds. One is Canadian family from Calgary, a mother and her daughter. To my surprise, they didn’t went to Moraine Lake yet, that’s a bit pity. One is very complex: father is Chinese, mother is Korean and met in France. I heard they communicated with four languages, Eng, French, Korean, Mandarin. One girl is from India, with parents and elder brother. They had the least luggage, simple but sufficient. (Biaoyang) They are kind. TBH, I was a bit biased before, but I met many friendly Indians, who are willing to help you. The girl told me she wanted to major in microbiology and immunology. (respect!) Overall, I felt it’s worth being volunteer. And happy to meet new people. I added another volunteer’s Ins, who majors in psychology cuz I wanted to persuade her to try and take Psyc 309 together next term lol.",0.5,0.0,0.0,0.0,0.5,0.0,0.0,0.0,0.0,0.0,0.0,0.0,1.0,0.0,0.5,0.0,0.0,0.0
PP-R094,"I recently went to Hong Kong to visit two friends, one of whom was my college roommate. The last time we saw each other was at our undergrad graduation last year, so it had been a while. Moving forward, meeting up with certain people—including family and friends—is going to become fewer and far between. In the end, I went to the beach with a friend I met during my internship. Hanging out by the sea really melts the stress away.",0.0,0.5,0.0,0.0,0.0,0.0,0.0,0.5,0.0,0.0,0.0,0.0,0.0,0.0,0.0,0.0,0.0,0.0
PP-R095,"In an in-person training session for an event, there were around 70-ish participants, and everyone had a chance to win a hoodie by lottery. I was the only one selected.",0.0,0.0,0.0,0.0,0.0,0.0,0.0,0.0,0.0,0.5,0.0,0.0,1.0,0.0,0.0,0.0,0.0,0.5
PP-R096,My landlord handed me some tomatoes that they planted and grew. I used them to make delicious food. We also had a short conversation regarding my recent experience and future plan.,0.5,0.0,0.0,0.0,0.0,0.0,0.0,0.0,0.0,0.0,0.0,0.5,0.5,0.0,0.5,0.0,0.0,0.0
PP-R097,"I spent a long time doing perler-bead crafts today. I kept miscounting the grids and my hands shook constantly. My eyes and back started to ache, yet I still felt a little proud of what I was making. x",0.0,0.0,0.0,0.5,0.0,0.0,0.0,0.0,0.0,0.0,0.0,0.0,0.0,0.0,0.0,0.0,0.0,0.0
PP-R098,"Yesterday I met a former colleague for breakfast. She is the most chaotic person I have ever known. It's always an adventure! I sat there sipping my coffee as the text came through telling me she was running late. I expected that even though she had initially told me our meeting could only last 46 minutes as she had another commitment afterwards. Then came the next text. She was late because her pregnant daughter was en route home from India when her flight was detained due to issues with flights over Pakistan. It's never a little issue with her, God lover her. Once she arrived we had a lovely meal before she scurried off, now late for her next meeting.",0.0,0.5,0.0,0.0,0.5,0.0,0.0,0.0,0.0,0.0,0.0,0.0,0.5,0.0,0.0,0.0,0.0,0.5
PP-R099,"nothing dramatic just a screwed up day. i was anxious most of the day and felt out of it. i went with my car to do an errand and ended up driving aimlessly in a rural area near my home. i stopped at a restaurant and ate which helped calm me. I went home, did some minor housework and distracted my self by watching TV. I hoped for better times.",0.0,0.0,0.0,0.5,0.0,0.5,0.0,0.0,0.0,0.0,0.0,0.0,0.0,0.0,0.5,0.0,0.5,0.0
PP-R100,"Yesterday my youngest son needed to see a doctor. He has been having ear pain and woke up Monday to find that one of his ears was bleeding inside. That afternoon I tried to get an appointment in an urgent care facility but after waiting over two hours I was told they had an emergency and couldn’t see him that day. So I tried again yesterday, but to no avail. The clinic was full again and another location that they referred us to was overbooked. So, as a last resort, I called the pediatrician (who I thought wouldn’t be able to fit us in at the last minute). He had an opening for a “virtual “ appointment. It only took about 5 minutes and we didn’t even have to leave the house!",0.0,0.0,0.0,0.0,0.0,0.0,0.0,0.0,0.0,0.0,0.0,0.0,0.0,0.0,0.0,0.0,0.0,1.0
PP-R101,"Nothing particularly interesting happened yesterday. It was a typical day. It snowed for most of the day so I didn't take my daily walk. Instead I spent much of the day reading and writing. I started a new book called The Last Bookshop in London. It's a work of historical fiction that deals with London just before and during WWII. The main character has just moved to London from the English countryside and takes a job as an assistant in a book store. She isn't a book person and knows absolutely nothing about books. I love history and my favorite genre to read is historical fiction. I can't imagine someone who doesn't read books, but that's one of the things that makes this book so interesting. I assume there will be a love interest coming along too. I also spent a good bit of the day writing. I am a children's writer and am in the midst of a freelance writing project. I also listened to a zoom meeting about writing in the evening. After that I sat down with my husband to watch a little TV. I crocheted while watching.",0.0,0.5,0.0,0.0,0.0,0.0,0.0,0.0,0.0,0.0,0.0,0.0,0.5,0.0,0.0,0.0,0.0,0.0
PP-R102,"Yesterday was just another Covid 19 social isolation day. Suuny, and pleasant, although not super warm here in the Chicago area. Lots of people out and about, taking the kids for a walk and going for runs with the puppies, etc... Our house is filled with sunlight when the sun is out, so that really cheers me up alot. I watched the morning news, had my coffee, took a shower, because my hair was all glued together! I m trying to be more like my usual self and pay better attention to my grooming, as I usually do, as this pandemic has made me a little cavalier about that! I figure my husband has to look at me, so I should try to look a bit nicer ..even if I'm not going out, so I do make the effort...most days! I went downstiars after fixing myself up, and my husband was working out, so I got started on my workout,.. We are both 69, and my husband has numberous serious health problems, walks and does calisthenics.I will say here, that we only go out once a week or so, as covid 19 would be lethal for my husband with his conditions, and who knows how bad any of us will get it? Answer..we dbn't. ..I am in much better health, so I do more rigorous workouts. SO, I worked out to a new You Tube video my husband found for me...hes so helpful, lol. It was exhausting, but I made it through! Also got my 10k steps in on my Fitbit...My husband took a nap and I read the paper and did a few other things. We made salad and tv dinners , not our usual sunday faire, but this is a pandemic situation, as I keep telling my husband! I had planned to do a bunch of things yesterday, like paying business bills, and personal bills, drawing, etc..but somehow the day got away from me. That will happen when you are stuck at home almost 24/7!! I m determined to be more productive today..Its another beautiful day out.",0.0,0.5,0.0,0.0,0.0,0.0,0.0,0.0,0.0,0.5,0.0,0.0,1.0,0.5,1.0,0.0,0.0,0.0
PP-R103,"Yesterday was basically just like any other day. I did my usual laundry, housework and took care of our 5 cats. My Husband was working out in the garage and decided to get my bicycle out of the back of the garage, where it had been stored for a few years. He cleaned it up and inflated the tires. I spent a lot of the day, between housework, going outside, in the warm summer weather, and riding my bike. At the end of the day, I took my bicycle into the house and found a place to store it, so that I could get to it easily.",0.0,0.5,0.0,0.0,0.0,0.0,0.0,0.0,0.0,0.0,0.0,0.0,0.5,0.5,0.0,0.0,0.0,0.0
PP-R104,"I woke up earlier than usual yesterday and was thinking about the current pandemic. I lay in bed wishing the world would go back to ""normal,"" for a few minutes and then got up and started my day. I sat down at my desk and looked at work that I needed to complete for the day. I then logged into my school site to check assignments, because I am in graduate school for a Masters degree in English and my latest class started this week. I wrote my introduction post to share with my peers. I logged out and after that I worked for several hours on editing tasks and other data entry that I needed to get finished. I had a sandwich for lunch and decided to take a short nap. I slept for an hour and a half, longer than I wanted to, but that was probably because I woke up early. I went back to work in the afternoon and took a few breaks to have conversations with my adult son who lives with me with his wife and young daughter. In the evening, I decided to relax a bit and play a video game because that is relaxing to me. I did a bit more work after that and answered an email from a friend. I went to bed fairly early and read a book until I fell asleep.",0.0,0.0,0.0,0.0,0.0,0.0,0.0,0.0,0.0,0.0,0.0,0.0,0.0,0.5,0.5,0.0,0.0,0.0
PP-R105,I wake up yesterday morning. I was feeling good about meeting rent last week. Everything seem to fall in place now. I ate breakfast. Did some work on the computer. I need to go pay my light bill. I took a shower. I got my money together to pay my light bill. I went out side to my car. It was such a beautiful day. Of course the bird had mess on my car. I went to the store and got some gas. I use the window washer wiper that was at the gas pump to wipe the bird mess off my car. I started on my way to pay my light bill. I cut on the air condition and enjoy the ride to pay my light bill.,0.0,0.0,0.0,0.0,0.0,0.0,0.0,0.0,0.0,0.0,0.0,0.0,1.0,0.0,0.0,0.0,0.0,0.0
PP-R106,"Yesterday, I decided to go out for a walk after I got the mail. I put on my face mask and went out. In the distance I saw an oder woman walking ahead of me. I had seen her before. She always wears a face mask because of the pandemic. She walks a few steps and looks around. Then she walks a bit mre and looks around. As I got close to her, I moved to the grass to the right. I also called out a ""Hello"" to not scare her. She stopped and looked at me. I stopped too and said ""Hello"" again. She said ""Hello"" and said that these days people were afraid to talk to each other. I was the first stranger who had greeted her in ages. I agreed tthat people were afraid of each other. I asked if she'd like to walk together but spaced out. She agreed. We walked and talked. I learned her name and that she lives in the next building. She has kids and grandkids but while they call eac other on the phone, they don;t get together for visits yet. She said they're afraid of giving her the virus by accident. So we had a nice chat and walk. We plan to do it again. Yesterday evening I was sitting on my third-floor balcony and saw her walking by again. I called out tp her and she looked up. She seemed happy to see me and we had a short chat. Then she walked off again. People need people even if we do have to wear face masks.",0.0,0.0,0.0,0.0,0.5,0.0,0.0,0.0,0.0,0.0,0.0,0.0,0.5,0.0,0.0,0.0,0.0,0.0
PP-R107,"Yesterday, I had a phone conversation with a client who discussed a new business deal with me. She needed me to do some work for her company on a contractual basis. We talked about what she needed, how I could help and all the details that go into such things. It was a pleasant conversation. I had done business with her before and I didn’t need to “hard sell” her on my services or abilities. It was a good conversation and yesterday’s discussion ended with me having to send her a proposal to sign and she had to email me more details about exactly what she wanted me to do.",0.5,0.0,0.0,0.0,0.0,0.0,0.0,0.0,0.0,0.0,0.0,0.0,1.0,0.0,0.0,0.0,0.0,0.0
PP-R108,"Yesterday I was invited to a Zoom reunion with the debate coach at my high school, now in his eighties (I'm in my sixties!). I heard about it through my brother, a friend of his having been on the team with me back then, and I was immediately excited to tell another friend of mine who had particularly loved this coach. She and I had not spoken for a decade, and the last time we did, it had been difficult. She more or less withdrew from me at that time, disappointed in my religious affiliation and too busy for me. I had missed her and thought this might be a good time to reconnect. It took me a long time to track her down, then the Google trail got cold, and I ended up calling her ex-husband, whose number I did find, only to be told by his (new) wife that my friend had died of cancer five years ago. I hadn't known.",0.0,0.0,0.0,0.0,0.0,0.0,0.0,0.0,0.0,1.0,0.0,0.0,0.0,0.0,0.0,0.0,1.0,1.0
PP-R109,"Yesterday was a deja vu day because of the Coronavirus. My husband and I are in our 70's and living in the country in New Mexico. It is beautiful with the view of the mountains and mostly sunny days. We are lucky to be retired because it must be so hard for those who lost their jobs due to the virus. For activities, yesterday I watched, for Holocaust Remembrance Day, four films about the holocaust which, unfortunately, hits home and is depressing. I also read a Kindle book about Larry Nassar who was sexually abusing young gymnasts some years ago. I love my iPad and so I played word games and casual games on it. I didn't exercise yesterday, but I plan to today. I guess I'm very appreciative of life since a few years back I recovered from a stroke, and recently recovered from breast cancer. I talked to my daughters on the phone and on Facetime. We have three cats and in the evening, they come into the house to watch movies with us. It will be similar every day as long as we need to stay home.",0.0,0.0,0.0,0.0,0.0,0.0,0.0,0.0,0.0,0.0,0.0,0.0,0.0,0.5,0.5,0.0,0.0,0.0
PP-R110,"There aren't many personal life events for me lately. Because of the pandemic, I feel so isolated. To pass the time, I take surveys to escape the anxiety I'm faced with about the virus. I also cook for sustenance but also as a way of escaping the depression. Yesterday, my husband wanted me to cook black bean tostadas for dinner. I had to make a trip to the grocery store. Even though I feel uneasy going out and about, it also makes me feel somewhat normal and makes me think of a simpler, happier time. I made us a rather tasty dinner and made my husband very happy. I try to think of the positive things, and I'm thankful that I have my husband to keep me going at a time when I would otherwise do hardly anything. You see...everyday feels like groundhog day.",0.0,0.0,0.0,0.0,0.0,0.0,0.0,0.0,0.0,0.0,0.0,0.0,0.0,1.0,0.5,0.0,0.0,0.0
PP-R111,"Yesterday I was doing laundry on a beautiful autumn day. As it dried, I took the opportunity to go scatter wild bird food across the side yard. The seed is a bountiful mixture that attracts different species of birds, squirrels, even some turkey and deer. Later that afternoon, I looked out the kitchen window to see a buck and doe stop and graze in the yard before they passed through the woods to settle in before dark.",0.0,0.5,0.0,0.0,0.0,0.0,0.0,0.0,0.0,0.0,0.0,0.0,0.5,0.0,0.0,0.0,0.0,0.0
PP-R112,"I was talking with a business partner yesterday when the subject of politics came up. We have discussed politics in the past and have agreed on a variety of political issues in the past year, but something yesterday changed with their view and my view of the way things should be handled. Before February 2020 we had different views and could discuss them without too much anger coming up, but yesterday was a little different. We were discussing some of the executive orders that President Biden has signed and disagreed on a lot of them. We started having a heated argument about immigration, the military, and environmental issues. I am a Republican, and she is a Democrat so the two opposite parties usually clash on issues. But in the past year we have found some common ground and have had some good discussions. Yesterday was not one of those days, it was a major clash between us. Our voices were raised a few times as we tried to get our points across, and neither wanted to budge on their views. We probably had this conversation for a good hour or more, before we realized we were getting no where with the other person. I felt she was not being open minded, and I am sure she felt the same way about me. We decided to end the discussion abruptly before one of us said the wrong thing to the other and damage our business relationship. What was once a subject we could discuss freely was no more. I decided I would limit my discussion about politics in the future and respect her views but at the same time keep my principles. I do not want to see our business and personal relationship damaged over politics after having a working relationship for over 20 years.",0.0,0.0,0.0,0.0,0.0,0.0,0.0,0.5,0.0,0.0,0.0,0.0,0.0,0.0,0.0,0.0,0.5,0.0
PP-R113,"Honestly, life right now can be pretty boring. The pandemic has ground almost everything to a stop and I rarely leave the house. But you are in luck, because yesterday something very exciting did happen...I received my first Covid vaccine. I am older, yes, but I qualified due to some underlying health conditions and was able to schedule an appointment through one of the hospitals near where I live. I didn't post anything about it on Facebook, but it was definitely an exciting event for me. My arm is sore today, but it was all worth it. I go back in 3 weeks to get the booster. I know that there are many people who do not want to take the vaccine. I am not one of them. I am and always have been in favor of vaccines for protection and this one is not different. I feel like I am doing my part to try to bring this pandemic to a close.",0.0,0.0,0.0,0.0,0.0,0.0,0.0,0.0,0.0,1.0,0.0,0.0,0.0,0.0,1.0,0.0,0.0,0.0
PP-R114,"Yesterday was a rather difficult day for me. I work part time at an independent pet store. My boss, the owner of the store, had left the day before on a vacation and left me pretty much in charge. We were expecting 2 shipments to come in, which meant that once the order arrived we had to look up the prices in the computer (old school - no POS system) and then price the items and put them on the shelves. My work cohort and I had a plan in motion. I would look up the items, she would price them and we would each put them on the shelves. The first order didn't arrive until after 1 o'clock so we knew we had to rush to get this order put away before the 2nd order arrived. We finally got that accomplished and both sat down to take a break before the next order arrived. Until then, we also had to wait on customers. Now it is after 3 o'clock and there still is no 2nd order. We decide to call the distributor and ask where the truck is and are told that no order was placed. No order placed!!!! Of course right then a customer walks in which is probably good because we were both quite upset. It gave us time to calm down. My co worker came in early and I was staying late to accommodate the 2nd order. Once the customer left, I called my boss (thank God he was reachable by phone) who said that he didn't place a 2nd order and that he thought he had told us. No he hadn't told us. Anyway, I finished what work I had to do and went home. Exhausted!!! Thank God my partner was home and made dinner. I then got on the computer to see if there were any HITS in MTurk, and then off to bed.",0.0,0.0,0.0,1.0,0.0,0.0,0.0,0.0,0.0,0.0,0.0,0.5,0.0,0.5,0.0,0.0,0.0,0.0
PP-R115,"Yesterday was a great day in our family. My sister is a first responder, and has logged in a ton of hours working as a nurse during this Pandemic. Although exercising every precaution, she was diagnosed positive on June 1. By the 4th, she was hospitalized, and soon was in the ICU. One of the symptoms of this virus is the development of blood clots in the lungs, and my sister had three of them. They gave her blood thinners, other medications , as well as the experimental drug Remdisivir. She began to respond well and by the 12th was out of the ICU, and in a regular room, she nicknamed 'the pod' because she was all isolated. She kept improving day by day, and yesterday, she went home. She is my best friend, and I felt so lucky to have her kick this virus' posterior. I cannot wait to see her, although it will be awhile. I have not seen her since this all began in March.",0.0,0.0,0.0,0.0,1.0,0.0,0.0,0.0,0.0,0.0,0.0,0.0,1.0,1.0,0.0,0.0,0.0,0.0
PP-R116,"Yesterday was a day off from work, so I spent the day catching up on things I don't get to do on work days, like clean both bathrooms thoroughly. I also mopped my kitchen floor and caught up on my laundry. In the afternoon I had an appointment to get a mammogram, which I went to and felt good about because sometimes I am lax about getting one. After that I came home and started dinner and made a poppy seed cake for dessert. In between all this I snuck in a few chapters of a John LeCarre book I am reading. I had previously read most of this work but somehow missed reading The Little Drummer Girl. It's really good and I am enjoying it quite a bit. After dinner my husband and I went for a walk around the neighborhood. We have both put on unwanted pounds over the winter so we want to get back into a walking routine. Once we were home and the dishwasher loaded, my husband watched some TV and I read. At one point I spent some time speaking to our eldest daughter on the phone. I speak to her about every other day, but our youngest daughter only about once a week, she being busy with a job and two small boys. After the phone call I got ready for bed and then read another chapter or two before falling asleep. Not a terribly exciting day but one in which I caught up on cleaning and keeping an appointment, and then relaxing and puttering.",0.0,0.0,0.0,0.0,0.0,0.0,0.0,0.0,0.0,0.0,0.0,0.0,0.5,0.5,0.0,0.0,0.0,0.0
PP-R117,"Yesterday, I imagined what it would be like if people did not suffer with allergies colds, pneumonia, bronchitis and all things related to these illnesses. What it would be like if we weren't coughing, sneezing, gasping for air, wheezing, taking medications and losing sleep. What if we didn't have to feel so miserable? One of my kids came down with bronchitis and I also succumbed to this illness. This has taken two good weeks out of our lives. Instead, we could have been blowing bubbles outside, baking Easter cookies and candy, coloring and doing things all kids love to do. Just for a time, I imagined how it would be not to suffer.",0.0,0.0,0.0,0.5,0.0,0.0,0.0,0.0,0.0,0.0,0.0,0.0,0.0,0.0,0.0,0.0,0.5,0.0
PP-R118,"I went to go work out and got some groceries and when I got home I got a surprise in the mail and received a $27 check which was unexpected and I also got a package from my best Friend and also got a card from her with $20 in it as well, which was nice too.",0.0,0.0,0.0,0.0,0.0,0.0,0.0,0.0,0.0,0.0,0.0,0.5,0.0,0.5,0.0,0.0,0.0,1.0
PP-R119,"It's Valentines Day. My wife and I have planned a celebration, not because of a phony capitalistic holiday made up to sell greeting cards, flowers and candy, but because we'd just closed the sale on our home up north. I left her at home briefly, somewhat to her dismay, while I ran out for a couple of fake errands I needed in order to accomplish my surprise. At the florist I opted to eschew the traditional roses for a bouquet of bright yellow and red tulips, a taste of spring in the midst of a long bitterly cold winter. It worked. She knew my opinion of Valentines Day so the surprise was a success that brought an appreciative welling to her eyes.",0.0,0.0,0.0,0.0,0.0,0.0,0.0,0.0,0.0,0.5,0.0,0.0,0.5,1.0,0.0,0.0,0.0,0.0
PP-R120,My life is boring these days. Yesterday I had a conversation with a neighbor about the things he and his wife are doing to fix up their home they just purchased. The weather this year was hard on all of us and some homes took it kind of poorly. They have a beautiful home but their brick fence fell down though not a surprise. They knew it needed repair. Now they are getting needed repairs made and figuring out how to fix the yard where the fence fell down. They are great neighbors and will get things fixed up.,0.0,0.0,0.0,0.0,1.0,0.0,0.0,0.0,0.0,0.0,0.0,0.0,0.0,0.0,0.0,0.0,0.0,0.0
PP-R121,"We had some friends over for the weekend. For some reason we had played bridge until 12:20AM. I routinely get up at 5:30AM, so without even setting the alarm I was wide awake. The husband also woke up early and decided he wanted to make omelets. Sadly, we didn't have a pan that was like any that he uses at home, so it became a huge production number. After a couple of hours, everyone was up and about and had been feed some imperfect omelets. We mainly packed them out to their car to send them off, by noon they were on their way. However, I was pretty wrecked. I took a nap before our daily walk, and barely make the two mile walk. I dragged myself through the remainder of the day, mainly watching television. During the Voice, I fell asleep in my chair and a loud commercial woke me up. I gave up and went to bed at about 9:30PM, which caused me to wake up about three times during the night.",0.0,0.0,0.0,0.0,0.0,0.0,0.0,0.0,0.0,0.0,0.0,0.0,0.0,0.0,0.0,0.0,0.0,0.0
PP-R122,"Yesterday I started on one of my New Year's resolutions for 2021. January 26, 2021--that's not so bad. Still January. I decided to embrace the Mediterranean Diet. Not a ""diet"" to lose weight, but rather a diet being the compilation of what a person eats. First I ordered a new cookbook, The Complete Mediterranean Cookbook by America's Test Kitchen. Then I chose some recipes in which I was interested. Next came the grocery store dilemma. The COVID-19 pandemic has made it an entirely different ballgame to go to the grocery store. My mom is 84yo and has several risk factors; I am 60yo with a few risk factors of my own. We strictly socially distance to avoid infection. I learned to use an app called InstaCart. It was weird to grocery shop from home. It actually took a long time to find everything. However, the city in which I live had just been gifted with 7 inches of snow in 24 hours. It was super nice to not have to slog to the store. My groceries were dropped off within 2 hours, and I started a recipe with ingredients that I had never cooked before: fennel bulbs and herbs de provence. I ended up making Spice-Rubbed Pork Tenderloin with Fennel, Tomatoes, Artichokes and Olives. I had also made Polenta with Parmesan Cheese and I had never even seen cornmeal before. The food turned out really delicious, and I am on my way to healthier eating!",0.0,0.0,0.0,0.0,0.0,0.0,0.0,0.0,0.0,0.0,0.0,0.0,0.5,0.0,0.5,0.0,0.0,0.0
PP-R123,"Taking your 2006 car to get minor fixes done at the specialist garage is usually nothing but routine. “While you check the tire can you double check the CHECK ENGINE LIGHT, please? It came on while we drove over”. Oh. Oh no. The light alerted the garage that a major ($4000 !) problem was in the making. The lovely 2006 BMW530 wagon with 81,000 miles is being donated.",0.0,0.0,0.0,0.0,0.0,0.0,0.0,1.0,0.0,0.0,0.0,0.0,0.0,0.0,0.0,0.0,0.5,0.0
PP-R124,"I have my 12 year old grandson spending some time with me. I bought him the game Pandemic since we are currently living in a real pandemic. I told him that his school work for the day was to figure out how to play the game and then teach me to play. I knew that this game was not an easy game to set-up and learn. I told him to read the instructions and use youtube videos to help. He spent almost 2 hours on this project while I did other things around the house. He was able to get the game set-up and figure out much of it but still could not completely understand the play of the game. I encouraged him to keep trying and repeatedly told him that I knew he could do it. Finally, as he became increasingly more frustrated I told him that when that happens to me that I leave it and come back to it later. I then told him that together we would figure out the rest of the game play tomorrow. I enjoyed seeing him use his brain to problem solve. Earlier in the day my grandson and I went to pick strawberries. I could see that it was a struggle for him to focus on the task but nevertheless we did get quite a supply in less than an hour. On our way home we stopped at Lowes to spend some time in the outside garden area. The majority of the people there were wearing masks and obviously trying to stay their distance. I found this to be distressing and overall did not find that trip very enjoyable at all. I wondered in my mind how long this new normal would go on.",0.0,0.0,0.0,0.0,0.5,0.0,0.0,0.0,0.0,0.0,0.0,0.0,0.0,0.5,0.0,0.0,0.5,0.0
PP-R125,"I have just recently after a few decades away became a full-time college student. This happened as due to the pandemic I'm able to take the courses online, which for me is great. I am taking 12 units and yesterday an ""event"" would be just that I am now devoting hours during the day to working on one or two classes per day, in order to complete them. I consider every day that I'm studying a positive event.",0.0,0.0,0.0,0.0,0.0,0.0,0.0,0.0,0.0,0.0,0.0,0.0,1.0,0.0,1.0,0.0,0.0,0.0
PP-R126,"Not many things happen these days since we are in the time of Covid. So events are small, but that doesn't make them insignificant. I woke up at dawn for the normal routine of feeding Molly and taking her out for her morning walk. I looked up at the early morning sky which I now stop and admire more these days. This day it had the typical beautiful colors but it also had clouds arranged in horizontal stripes. It was gorgeous and so unique. My first thought was, oh why don't I have my camera. And then I thought, good thing I don't have my camera so that I can just drink in this moment, instead of worrying about capturing the perfect picture. The perfect picture could instead be in my memory. Which it is.",0.0,0.5,0.0,0.0,0.0,0.0,0.0,0.0,0.0,0.0,0.0,0.0,0.5,0.0,0.0,0.0,0.0,0.0
PP-R127,"I meet a friend for a walk and then also took my dog for a walk. Then I drove to my daughter's house and I sat with all four of my grandchildren while they did their virtual schoolwork. As we are under restrictions to stay home, neither the grandchildren or I are able to attend school. I am a academic tutor in private schools, working with a lot of students who have learning disabilities. It was an interesting experience, all of us sitting on the couch. This whole situation is unbelievable and scary and happy and sad at the same time. I love spending time with my Grandchildren but I am not working so not earning any money. After schoolwork the kids swam and I tossed them a ball. When my daughter arrived home I returned to my home and took care of my animals and had a Zoom get together with my knitting friends.",0.0,1.0,0.0,0.0,0.5,0.0,0.0,0.0,0.0,0.0,1.0,0.0,0.5,1.0,0.0,0.0,0.5,0.0
PP-R128,In yesterday morning....I saw the new flower in my garland .....It is very wonderful....My morning is pleasant........I finished the break fast ... and I call My friend john and joe ...They are my best fried in school and college.. We talk about the uses and abuses of home Quarantine of corona periods..... Today we talk about the same topic and discuss about the death of corona in world count..... A situation of Italy is very poor..... The death count is increase in day by day in Italy.....,0.0,0.0,0.0,0.0,0.0,0.0,0.0,0.0,0.0,0.0,1.0,0.0,0.5,0.5,0.0,0.0,1.0,0.0
PP-R129,"Yesterday, I once again lost income due to COVID-19. Previously back in March, I was furloughed due to COVID and the small business was not financially able to keep their doors open, so I had not been called back. Approximately 4 months ago, I reentered the workforce full time. As COVID in our area was still rising, once again, yesterday, the hours got cut and again major loss of income. I was finally beginning to get out of the hole and now it feels like it's back to square one.",0.0,0.0,0.5,1.0,0.0,0.5,0.0,0.5,0.0,0.0,0.0,0.0,0.0,0.0,0.0,0.0,1.0,0.0
PP-R130,I took my mother to the doctor for a check up from a previous fall where she broke her shoulder in two places. She has and is healing and shows no signs of problems. But did want more pain medicine. She is doing physical therapy on her own and it's going well.,0.0,0.0,0.0,0.0,1.0,0.0,0.0,0.0,0.0,0.0,0.0,0.0,0.5,0.5,0.0,0.0,0.0,0.0
PP-R131,"I installed a camera in my living room window to observe package delivery and as crazy as it sounds why my neighbor felt like it was her duty to come in my walkway and observe what I have in my window. This was not called for and I felt violated. This is not acceptable and is an invasion of my privacy. There are some people that are just so opened about being nosey and have no shame at it being known. I can say I glad that I have helped someone who is watching me that they are influence by me and have the want to have or get what I own and by it for themselves, and maybe they can enjoy life better now.",0.0,0.0,1.0,0.5,0.0,0.0,0.0,0.0,1.0,0.0,0.0,0.0,0.5,0.0,0.0,0.0,0.0,0.0
PP-R132,"Upon waking, I began allowing different scenarios yo run through my mind, playing them to eventualities regarding how to obtain groceries. That was the fifth day of not wishing to ack for aid, wanting to figure it out independently. A text popped up from a neighbor, ''At Costco, need anything?'' I replied with, '',\Eggs, le!one, toms (fresh/canned), avocados, ,& lettuce'' Then next, ''Just fruit please, no pineapples'' After a bit he replied, ''Oh, nm'' I realized that he didn't mean the text for me so to release Jim from an awkward situation, ''BTW, I know that your text was in error, please don't feel commuted, I can pick up these things later'' Fifteen minutes later, ''I'll do what I can, limited funds here'' He was furloughed and just began working for Uber so, I felt badly for him having to feel he needed to say that. Two hours later, a new text from his son, ''Boxes heavy, open door please'' He walked inside with grapes, lemons, clemetines, plums, pears romaine and Two-dozen eggs!",0.5,0.0,0.0,0.0,0.0,0.0,0.0,0.0,0.0,0.0,0.0,0.5,0.0,0.0,0.0,0.0,0.0,0.0
PP-R133,"My boyfriend is in the midst of a major flare up of gout, which he has experienced from time to time. In my quest to express my concern and empathy I offered several suggestions. Much later in the conversation, he revealed that he thought I wasn't empathetic and came across as blaming him for being in this situation. Even though it's difficult for me to realize that I'm not showing up with empathy and concern I appreciate that he is willing to give me the feedback so I can make adjustments in the future. Change isn't easy, but I never want to make someone I love feel judged or blamed for the things they have little control over.",0.0,0.0,0.0,0.0,1.0,0.0,0.0,0.0,0.0,0.0,0.0,1.0,0.0,1.0,0.0,0.0,0.0,0.0
PP-R134,"I am a proud Gramma of 10 grandkiddos. The youngest one has been staying with us 3 days and 2 nights/week since daycare closed a year ago. A friend down south of us about 30 miles raises strawberries and they were maturing and ripe for the picking. I contacted her to see if I could bring my 2 year old grandson to ""pick"" strawberries. She welcomed us. She patiently showed him how to pick the berries and he picked up on that endeavor pretty good, scurrying from bush to bush. I then showed him that he could eat the berries (he had never had that experience). It wasn't long and he was ""pickin' & eatin' - two fisted no less! He was in the height of glory. The next day we made freezer strawberry jam and he was ""helping"" me. If I hadn't had his help I think I would have gotten 9 jars instead of 7!!",0.0,0.0,0.0,0.0,1.0,0.0,0.0,0.0,0.0,0.0,0.0,1.0,0.0,1.0,0.0,0.0,0.0,0.0
PP-R135,"This was a simple thing to do. It rained yesterday pretty hard. Where I live, we do not get much rain so I decided I would use the opportunity to wash the car using the rain water. It wasn't to cold and I finished fairly quickly. The car turned out well, even though there was still water drops on the car, they were not dirty ones that leave muddy marks on the vehicle. It was fun and weird at the same time, but it was nice to do something different.",0.0,1.0,0.0,0.0,0.0,0.0,0.0,0.0,0.0,0.0,0.0,0.0,1.0,0.0,0.0,0.0,0.0,0.0
PP-R136,"yesterday I was walking my dogs I have 2 around the sports fields after just getting one of them groomed. There was rain yesterday and it was soaked everywhere I let my dogs run and was just walking in the rain enjoying the outdoors because of covid 19 I don't have a great deal of outdoor time. I looked up to make sure there were no other dogs coming as my one dog is not very friendly, I could see the one dog but the other one was no where to be seen I started calling her but nothing. I walked towards the wooded area calling her and I heard the bullfrogs calling out. As I walked into the woods I saw some movement in the dark swamp area, and since my other dog is white and the swamp so dark and muddy, I instantly saw her rolling over and face diving into the stickiest mud I have ever came across. I had to walk into to get my freshly groomed pet out of this tar like muck, put her in the car that now stinks like I don't know what! Trying to bathe her was very difficult because the mud was a sticky tar and almost had to be scraped off. This was not the day I had wanted.",0.0,0.0,0.5,1.0,0.0,0.0,0.0,0.0,0.0,0.0,0.0,0.0,0.0,0.0,0.0,0.0,0.0,0.0
PP-R137,My daughter called in a panic she has five young children she and they were the only ones home she felt ill her heart was racing she was trembling she managed to call me and I went to her aid in a few hours she was much better,0.0,0.0,0.0,0.0,1.0,0.0,0.0,0.0,0.0,0.0,0.5,0.0,0.0,0.5,0.0,0.0,0.0,0.0
PP-R138,"For dinner last night we had a perennial pandemic favorite, and I'm almost embarrassed to admit what it was. We had grilled cheese sandwiches and tomato soup - a meal perhaps more suitable for a nine year old. But it's delicious and quick and everyone enjoys it. In fact, I even bought a cast iron griddle to accommodate more simultaneous sandwich grilling. This strange, unprecedented time creates all sorts of stresses and challenges, so when we find something that brings a small measure of comfort, we grab it. Last night's dinner was one of those things.",0.0,0.5,0.0,0.0,0.0,0.0,0.0,0.0,0.0,0.0,0.0,0.0,0.5,0.0,0.0,0.0,0.0,0.0
PP-R139,"My day yesterday was a quiet and boring day to some but it was great to me to just be alive. My sister passed away a few weeks ago so I know it can happen very suddenly when it's your turn to go. My day was spent mostly outside at the patio. I had my coffee outside sitting in the rocking chair watching the birds. I have two little finch birds that come down to me and they sit on the patio wall and just chirp away. I really wonder what they are saying to me. I check out and water my roses that my daughter and her husband brought to me a few weeks ago. One is deep red and the other is a beautiful pink, though the pink one is growing better than the red, with a lot of bloom. After supper I went on the computer till ten, and then I read the Bible for half a hour, then I crocheted. I make chemo hats and mail them to a cancer center where she splits them up and then sends them out to different chemo sites. I enjoy crocheting and figure this is the best I can do to help other people. Then I went to bed at eleven thirty.",0.0,0.0,0.0,0.0,1.0,0.0,0.0,0.0,0.0,0.0,0.0,0.0,0.0,0.0,0.0,0.0,1.0,0.0
PP-R140,At the beginning of this year I lost my dream house to foreclosure. Yesterday I received a dunning letter for that property demand annual dues fore this year. I am conflicted as to whether I should ignore them or write them a stern letter imploring them to get their act together.,0.0,0.0,0.5,1.0,0.0,1.0,0.0,0.0,0.0,0.0,0.0,0.0,0.0,0.0,0.0,0.0,0.0,0.0
PP-R141,I went to another town to see a specialist about back surgery. I found out that it would entail placing rods and screws in my back. I choose to never have this done unless I am paralyzed.,0.0,0.0,0.0,0.0,0.0,0.0,0.0,0.0,0.0,0.0,0.5,0.0,0.0,0.0,0.0,0.0,0.0,0.0
PP-R142,"Yesterday I got up at 5 AM like I normally do. I meditated and ate breakfast. My knee felt a little gimpy so instead of going for a run I decided to walk to the grocery store. There an back is almost five miles. I left home around 6:30. It was a beautiful morning and I was enjoying the walk a great deal. Before I went inside the store I put on my mask. I selected a couple of russet potatoes, a Vidalia onion, a pint of blueberries, and a container of Brummel & Brown butter-like spread. It's low-cal and made with yogurt according to the label. I was at Food Lion which doesn't have self-checkout, so I waited in line behind a group of firefighters who were stocking up for the station apparently. I was really amazed that the five of them were standing in a group and not one of them was wearing a mask. I was tempted to take a picture and post it on Facebook. First-responders should set an example instead of giving conspiracy-theorist morons a reason not to comply with CDC recommendations. Not wanting to get anyone in trouble, I didn't take the picture. I paid for my purchase and enjoyed my walk home. I settled in to work at my home office about 8:30. Almost my whole workday was spent reading journals and reviewing data. No emails, no messages, no Skype or Teams. I actually got some work done. After dinner I watched a movie and read for a bit. I ended my day by meditating, as I usually do. I went to bed around 10 PM.",0.0,0.0,0.5,0.5,0.0,0.0,0.0,0.0,0.0,0.0,0.0,0.0,0.0,0.0,0.0,0.0,0.0,0.5
PP-R143,I am a big LA dodgers fan. They were down 2 games to 1 in the major league baseball national league playoffs. I felt confident that they could tie the playoff series 2 games a piece. My favorite pitcher was starting for the dodgers. He did well for 4 innings and then they took him out. I believe the manager should have let him cinsider for another batter to see what happens. The relief pitcher did worse than the starter and let more runs in that lead to a loss for the dodgers.,0.0,0.0,0.5,0.5,0.0,0.0,0.0,1.0,0.0,0.0,0.0,0.0,0.0,0.0,0.0,0.0,1.0,0.0
PP-R144,"Yesterday was a banner day for my wife and I. We have been quarantined since last February, and almost a year to the day my governor announced our eligibility for the COVID vaccine. We are over 70 and have compromised health conditions. We're convinced that if we get virus it will not turn out well. Sign-ups start Tuesday morning. I'll be there.",0.0,0.0,0.0,0.0,0.0,0.0,0.0,0.0,0.0,0.0,0.0,0.0,0.0,0.0,0.5,0.0,0.0,0.0
PP-R145,"I knew something was wrong from the moment I sat down behind the wheel. The smell just wasn't right. I had been noticing it for several weeks, but I just assumed it was typical Florida mustiness associated with summertime. When I dropped my phone on the floor, I had no idea of the shock I was about to receive. When I picked up the phone, my hand grazed against the carpeting alongside the floor mat. It came back wet. Confused, I pressed my finger into the carpeting. It was soaking wet. As a matter of fact, the ENTIRE floor of my Yaris was soaking wet. That explained the musty smell I'd been noticing. But what to do about it? Fast forward 24 hours and one trip to the local Toyota dealership--a trip I'd rather not have made. When the verdict came back, it was even worse news than I'd expected. My 11-year-old Yaris had finally begun to show its age. A rotting windshield gasket had been allowing water to seep into the car, unbeknownst to me. So here I am, sitting at home on a Friday night, no car and about to be $2000 lighter in the wallet when the repairs are completed. Oh well, my friends told me to think twice about canceling the comprehensive coverage on my car insurance.",0.0,0.0,0.0,0.5,0.0,0.0,0.0,0.0,0.0,0.0,0.0,0.0,0.0,0.0,0.0,1.0,0.5,1.0
PP-R146,"The virus is rising again, winter is coming, outdoor activities are going to be less possible. We talked about the possibility of taking a few days and going to the coast, taking a room with a kitchen and cooking our own meals. We love walking on the beach, enjoying the crashing surf. But it is cold. 478 new cases in Oregon today, 82 in Lane County, we can't run the risk of infection by going out to eat. ""What do you want to do?"" he asked. ""I want to go, but do I want to go and not be able to visit the shops we love, eat in the restaurants we love, just stay in a hotel room and cook our meals?"" I thought about it. I guess I am getting cabin fever. It has been nearly 9 months since my doc told me, ""Stay Home!"" and I have except for a few doc appointments, dropping by the pharmacy on the way home for the new drugs. I have risked eating take out from our favorite restaurants, and survived. ""You know, I think we should wait. I don't feel particularly well today, coughing, nearly constantly, it would be terrible to be away from home and get the virus.""",0.0,0.0,0.0,0.0,0.0,0.0,0.0,0.5,0.0,0.0,0.5,0.0,0.0,0.0,0.0,0.0,0.5,0.0
PP-R147,"I have a friend that I have known for many years, since we went to college together. He lives in another part of the same state that I live in. We e-mail each other every day, sometimes with serious news, but mostly with humorous stories, jokes, etc., which has been great for my mood during the coronavirus crisis. A few years ago, I drove down to where he lives and met his wife and two children, a little boy and a little girl. They both seemed normal to me at the time, and I thought that any problems my friend was having with them were the same as other families. Yesterday, in an e-mail, I asked my friend how the little girl is doing, and my friend said it's been very difficult, because she is autistic. I asked if more than one doctor has confirmed that, and my friend said yes, and that his son is also autistic, but he functions better than his daughter. I was really surprised, and felt bad for my friend, thinking about how difficult it must be to have two autistic children.",0.0,0.0,0.0,0.0,0.0,0.0,0.0,0.0,0.0,0.0,0.0,0.0,0.0,0.0,0.0,0.0,1.0,1.0
PP-R148,We are in the middle of some nasty weather with ice everywhere and snow in the forecast. I had to go to the store yesterday and it was quite an ordeal. The parking lot at Kroger was a solid sheet of ice. I had to take baby steps to keep from falling down.,0.0,0.0,0.0,1.0,0.0,0.0,0.0,0.0,0.0,0.0,0.0,0.0,0.0,0.0,0.0,0.0,0.0,0.0
PP-R149,"Yesterday included a drive in church service. We all stayed distant and in our cars while listening to the singing. Pastor had a great message for us. All of this was displayed on a high up platform outside. We were able to listen clearly as we tuned in on our FM radios. Parking lot had to be extended to contain the crowd. While being socially distant is not the same as being in a building together, it was fun waiving to the people on the right and the left. Following that enjoyed sitting with spouse and just appreciating the time of chatting and being together. Afternoon and evening was spent relaxing, talking with friends on social media, and catching up on the news.",0.0,0.5,0.0,0.0,0.0,0.0,0.0,0.0,0.0,0.0,0.0,0.0,0.5,0.0,0.0,0.0,0.0,0.0
PP-R150,"Yesterday was a fascinating day, to say the least. Despite a beautiful late-spring day in the making, it started to look like a really bleak one, indeed. Our pets both got sick, the neighbors were starting to be annoyingly noisy, my computer was acting up - making me restart it at least a half-dozen times - and even though we wanted to go pick up lunch at a drive-up, all the available drive-ups in the area were way too busy for us to get in a line and wait. So, we came back home, fixed a couple of really boring sandwiches, and made the best of it. Early evening, we watched the national news, as we always do, just to learn that our government was doing even more unpalatable things about this pandemic, while our state government was behaving exactly opposite - doing all the smart things, making us feel deeply grateful for living where we do. Our pets were finally feeling better, so we spent part of the evening playing with them, and the rest watching a special movie we'd been wanting to see for some time. So, a day that started off very badly ended up being a very pleasant one instead. Fascinating, indeed!",0.0,0.0,0.0,0.0,0.0,0.0,0.0,0.0,0.0,0.0,0.0,0.0,1.0,0.0,0.5,0.0,0.0,0.0
PP-R151,Just another day for me dealing with the loneliness of living alone and isolating do to Covid-19. The only saving grace my sister needed to come over so we could fill out some insurance paperwork for our elderly mother. This was only the second or third time since the beginning of the pandemic that anybody but myself was in my home. We filled out the paperwork and headed to Office Max to fax the documents to the insurance company. This was the first time I had been in a store for anything with the exception of grocery shopping. We accomplished what we were there for. My sister dropped me off back at home. She went on with her day and I did as well.,0.0,0.0,0.0,0.0,0.0,0.0,0.0,0.0,0.0,0.0,0.0,0.0,0.5,0.5,0.0,0.0,0.0,0.0
PP-R152,"Yesterday was a day where I spent most of it looking for work on Mturk and cleaning. I did finish some masks for my daughters friend, figured I should make use of all the fabric I have and make them for those I know who need them, plus it helps me feel useful and gives me something to do with my time. I started to get a headache about 4 pm and in this weird world we live in now of course the first thought is could it be Covid, but then I remember we really have not gone anywhere in the last few weeks, but my son is an essential worker. While he is very careful it is still a way that it could be brought in and being that my mother is 82 and I am Diabetic it is a real fear and concern. I tried to get a few things done, last night I did not cook it was a help yourself night. I ended up taking a few Advil and laying down about 7 pm. I watch TV for about 2 hours and ended up falling asleep.",0.0,0.0,0.0,0.0,1.0,0.0,0.0,0.0,0.0,0.0,1.0,0.0,0.0,0.0,0.0,0.0,0.0,0.0
PP-R153,Yesterday started early for me I was on the road headed down to the new house to take my brother to fix the water leak in the pipes. It was dreary and raining. When I got there bear was so happy to see me. I miss him when I am not home he has separation anxiety and struggles when he is alone. After fixing the water we headed back up to moms about an hour away. Then I went to the grocery store for my mom had to go to town so that was another thirty miles. Stayed at moms for the night too much driving for me.,0.0,0.0,0.0,0.0,1.0,0.0,0.0,0.0,0.0,0.0,0.0,0.0,0.0,0.5,0.0,0.0,0.0,0.0
PP-R154,"Yesterday I spent the day sheltering in place due to Covid 19, having a day very similar to every other day for the past six weeks or so. My day started with opening my eyes to a brand new day, heating up a cup of decaf, feeding the dog, letting him outside, then turning on the computer. The next thing I did was turn on the television to see if there were any changes since yesterday in the news. People all over the world are doing their best to survive this horrible illness. I am so sorry for those who have succumbed, and those healthcare workers who are trying so hard to help people survive. After catching up on the news, off goes the television. Next I let the dog back in, and get on MTurk and see if there is any work for me. I don't use scripts, I look for the individual studies that are interesting, and legitimate. I am doing my best to keep my mind healthy during this time of isolation. I am in the high risk category with covid so I have to stay away from other humans. I look forward to participating in the studies, and hope that my answers help the studies. I get to feel like I can contribute something when I participate. After a period of working, I cleaned my house, exercised in my living room, then prepared my soup and salad for the day. Yesterday I made salad with Italian salad greens, avocado, and red onion and tomato. My soup was made in the crock pot, with beans, corn, pasta, and tomato sauce with spices. Yesterday evening I had vegan burger and potato. Snack was bean chips. During the day I went back to Mturk between cooking and meals and cleaning. At night I watched television. I also texted with family and a friend yesterday. We are staying in contact with each other and keeping each other engaged and aware of current events and helping each other stay positive.",1.0,0.0,0.0,0.0,1.0,0.0,0.0,0.0,0.0,0.0,0.0,0.0,0.0,0.5,1.0,0.0,0.0,0.0
PP-R155,I received a Reward from Walmart for having enough point to buy something from the store. I was really surprised because I didn't see it coming nor did I know how their reward plan worked but I really needed to buy a jigsaw tool to complete a project I have been working on. I didn't have the money to purchase it. This was a miracle for me!!,0.0,0.0,0.0,0.0,0.0,0.0,0.0,0.0,0.0,0.5,0.0,0.0,0.5,0.0,0.0,0.0,0.0,1.0
PP-R156,"Just yesterday, I found out that my mother's sister died. I had not seen her in years, but so many nostalgic memories came flooding back. My aunt had 16 children and lived in a 2-room house. Some might have even called it a shack. However, the house was always spotless and my aunt was a very hard worker. I'm not sure I ever saw more than a handful of my cousins at one time. I don't think I ever even met all 16 of them. My aunt and her husband raised a large garden. Her house was way out in the country and it seemed to take forever to get there. What I remember vividly is the taste of her pickled corn. It was the best I've ever had.",0.0,0.0,0.0,0.0,0.5,0.0,0.0,0.0,0.0,0.0,0.0,0.0,0.0,1.0,0.0,0.0,0.5,0.0
PP-R157,"I tried to get my backyard shed a little bit organized yesterday. After rearranging some items, I was able to gain some floor space. At least enough so that I could now walk in and out of it. Having removed my multi year, five gallon collection of used motor oil, I decided I should take it for recycling. I drove it out to the county waste disposal site and pulled up to the center's entrance. A worker greeted me and carted off my waste oil. It was an easy and smooth process which left me wondering why I had not done this sooner.",0.0,0.0,0.0,0.0,0.0,0.0,0.0,0.0,0.0,0.0,0.0,0.0,0.0,0.0,0.0,1.0,0.0,0.0
PP-R158,"This isn't much of an event but normally just about everyday I go to an outdoor gun range to collect empty brass shells which goes for about $1.50 a pound and I collect about 400lbs a year, most of the time theres not much to get as most other people scrap brass there as I do, so it's a bit of luck to get more than a couple pounds on any given day. I didn't get there until about 8 O'clock and it was already pitch black outside at the gun range, but I decided to check anyway sometimes I get 20lbs on a random day, well eureka someone had gone there and swept up shells left on the ground in a five gallon bucket half full of empty shells, I guess they must have forgotten to take them I'll never know. So i got about 35lbs.",0.0,0.0,0.0,0.0,0.0,0.0,0.0,0.0,0.0,0.0,0.0,0.0,1.0,0.0,0.0,0.0,0.0,1.0
PP-R159,"I spent considerable time deep cleaning my guest bathroom. I had a guest over during this covid time and they used the bathroom. I keep a meticulous house at all times. I do not allow anyone into my home since this virus forced everyone into a lock down lifestyle. I am definitely on the high risk category so I felt almost violated by someone using my bathroom. Immediately after the guest left, I donned plastic gloves and disinfectant cleaner and scoured the entire bathroom including washing walls and floors. Even after the deep cleaning, I still feel it is not clean enough. I never was a true germaphobic but now I must reassess my opinions.",0.0,0.0,0.0,0.5,0.0,0.0,0.0,0.0,0.5,0.0,0.0,0.0,0.0,0.0,0.0,0.0,0.0,0.0
PP-R160,"In the time of Covid-19, personal life events of any significance are rarer than usual! However, luckily for this survey, something of at least slight note did happen yesterday. I am a writer, and I participated in an online interview/book chat with another author about one of my series. The interview used a video streaming app that I hadn't used before, but worked well and easily. When the video stream started, my image was ridiculously close-up on the screen, so I had to wheel my chair further back from my computer than I would normally sit, but that did seem to fix the problem. It was a little awkward, but we managed. I also found that my glasses reflected badly in the video, which is not usually a problem with my webcam, but there was nothing I could do about that. The chat went well, although I wished the interviewer had sent me the questions in advance so that I could have been more prepared. She asked me one question about one of my main character's likes and dislikes, and for a moment I drew a horrible blank! But the video was live, so I had to scramble to think of something to say. All in all I think the interview went well, although of course after it was over, I thought of much better answers I could have given. That's always the way. :) It's why I'm a writer instead of a speaker. I think better with my fingers.",0.0,0.0,0.0,0.0,0.0,0.0,0.0,0.0,0.0,0.0,0.0,0.0,0.0,0.0,0.0,0.5,0.0,0.0
PP-R161,"Yesterday, while observing our stay at home order. I helped my husband defrost the freezer. I threw out a trash bag full of different types of bread I had made over the last few years and meant to use, but it got out of hand. We found things I had no idea was still there like two packages of bacon. There was always quite a bit of containers of food I intended to use but forgot about. I felt terrible about all the waste, but it is what it is. I told my husband not to lecture me or I will quit. He complied. At least now I can know and see what's there.",0.0,0.0,0.0,0.0,0.5,0.0,0.0,0.5,0.0,0.0,0.0,0.0,0.0,0.0,0.0,0.0,1.0,0.0
PP-R162,"Yesterday I started voting in the 2020 election. There are several state propositions to research, as well as local elections and propositions. I started with the rent board, since I had just read a story about the candidates and their funding. Then I finished off a couple of state propositions that I had already researched and decided upon. I like my state senator and congressional representatives so no thought required there, as with the vote for president. I've been far too wrapped up in politics and COVID-19 news, though. I really need this election to be over. Then maybe we can tackle the virus.",0.0,0.0,0.0,0.0,0.0,0.0,0.0,0.0,0.0,0.0,0.0,0.0,0.0,0.0,0.0,0.0,0.0,0.0
PP-R163,"Yesterday it was another long, boring, isolated day. I had to work from home, and the obligation to stay home is depressing me. I had always wanted to have extra time in my hands, but yesterday, as everyday for the last month, I had plenty of time and I didn't know what to do or what is even worse, I couldn't find the motivation to even search for something interesting to do. I went to a store for a few minutes, with the stress and uncertainty this simple, every day event brings to my life now. Remembering to keep distance from people I crossed in the isle, feeling sorry for the cashier who has to be standing 8 hours in a row, having to search for substitues for simple products because shelves are empty, seeing the almost empty streets, and stores closed all the way home, was a sad view. I ended up going to bed at seven pm. to forget, just to forget.",0.0,0.0,0.0,0.0,0.5,0.0,0.0,0.5,0.0,0.0,0.5,0.0,0.0,0.0,0.0,0.0,1.0,
PP-R164,"Yesterday, I took my daily walk throughout my subdivision. I take the same half hour to forty minute walk almost everyday. I used to walk outside my subdivision sometimes. I would venture out to the main mile road to see many other people riding bikes, running or walking to try to stay fit. It was nice to see other like minded people. It was an inspiration and made my daily power walk a little less boring. Since the start of the coronavirus pandemic I tend to stay closer to home. I always wear a mask which make breathing a little more difficult while exercising. I see the same people when people are out and my walk has become a bit more of a chore rather than a fun and energizing walk. I will be so relieved when the virus is under control and things can go back to somewhat normal.",0.0,0.0,0.0,0.0,0.0,0.0,0.0,0.5,0.0,0.0,0.0,0.0,0.0,0.0,0.5,0.0,0.0,0.0
PP-R165,"Yesterday I had a good conversation with someone from my workplace who was a tech expert about making videos on the computer. I had been having trouble figuring out how to do it on my laptop which is an old mac. I had talked to another tech person who said I might need a newer computer which was going to cost quite a bit of money. I thought I had made videos before with Powerpoint on the mac but when I went to the Powerpoint program and looked for AddIns I could not find it. I was confused but decided I had been wrong and only did it on my workplace PC, which I cannot get to at the moment due to covid and working from home. Anyway the first tech I had gone to said it was not possible and give me a very round about way to accomplish my aims. The one yesterday also gave me a very round about way to do it. But he provided links to information about Camtasia and I decided to review the tutorial and lo and behold, I figured out how to record directly from Camtasia a Powerpoint presentation and solve the problem. I was delighted! I also found out other useful things in that tutorial and from the conversation with him, so that was all great and I made a lot of progress moving forward with my projects yesterday (which I had been avoiding doing in prior days). It was a breakthrough and I felt good about it by the end of the day.",0.5,0.0,0.0,0.0,0.0,0.0,0.0,0.0,0.0,0.5,0.0,0.5,1.0,0.0,0.0,0.0,0.0,1.0
PP-R166,"Yesterday was day 35 of working alone in my office. Everyone else is working from home because of the COVID-19 shelter in place order. The office is closed to the public, but every day I have come in at 8 a.m., disarmed the alarm, turned on the lights, and started my work day. I've collected the mail, answered the dispatch radio, and done my solitary work quietly. I have been deemed essential and I am thankful to have a job, but I am lonely. I miss my co-workers and the hustle and bustle of everyone in the office. I even miss the phone ringing and waiting on customers. I sometimes feel as if I am in a post-apocalytic universe and it creeps me out a little. I ate my lunch quietly and just keep doing my work. Sometimes for a break I popped on to a couple of news sites on the web and read about pandemic news. It's actually a good thing I was by myself because I found myself crying a little bit. Crying for all of the people suffering and for those who have died. Crying because I am by myself. Crying because life is different and it won't go back to being anything close to normal for a very long time. Crying because I am selfish for missing my ""normal"" life when others have lost family and friends and will never get back to a normal life. I kept going, though, and finished my work day again. Shut off the computer, turned off the lights, and set the alarm. I went straight back home, ate dinner, and went to bed.....upset that I knew I'd have to do the same thing for many more days.",0.0,0.0,0.0,0.0,1.0,0.0,0.0,0.5,0.0,0.0,0.0,0.0,0.0,0.0,0.0,0.0,1.0,0.0
PP-R167,"Yesterday was much the same as the day before. We are still practicing social distancing and wearing masks to ward off the coronavirus. My husband and I are together and after fifty plus years of marriage are still meeting challenges. He has dementia and things are really different now. I spend my days taking care of his needs as well as a bit of time on my computer to keep me connected to the world outside. I prepared his breakfast and make sure he washes his hands. Its important with the virus so omnipresent. I ordered groceries online to avoid mixing with anyone who might be infected. I cannot take chances considering my age and my husband's health. It is a precarious situation and we are doing our best to stay healthy. I tend to his needs as well as those of my five cats who are a joyous part of our household. Its like having five little beings that are comedians. I read for a bit a book by Lee Child called Blue Moon. I have read the entire series and enjoy the escapism. Soon I prepare lunch and then my husband goes down for a nap and I do a tv watching on a streaming station. I pay bills online and prepare dinner. We take a walk outside and enjoy the garden. I love flowers and work in my yard daily. Although my life is different, I can always find some joy whether in the antics of my cats or the beauty in my garden.",0.0,0.5,0.0,0.0,1.0,0.0,0.0,0.0,0.0,0.0,0.0,0.0,0.5,1.0,0.0,0.0,0.0,0.0
PP-R168,"My son's truck kept breaking down so we finally bit the bullet and got a new battery, terminal ends, hold down clamp etc and he tells the wife that he is going to put in the new parts. I am not aware of any of this. I come out of the bathroom and she says Nick is putting in the new battery. The last time he worked on his truck he just took vice grips and twisted off the transmission cooler line right in half so that only cost me 5 hours top repair so you can understand my concern when I ran out screaming to wait. Anyway, I supervised the install and it was a success. Happy ending this time.",,,0.0,0.0,0.5,0.0,0.0,0.0,0.0,0.0,0.0,0.0,0.0,0.0,0.0,0.0,0.0,0.0
PP-R169,"Yesterday I had my third night in a row experience with insomnia. For some reason I could just not sleep through the night. I had always thought insomnia should be something easy to rectify - that as long as you were not too busy or self absorbed you would surely be able to fall asleep. Until then I had figured it was just a passing thing the two nights before and not a real issue. Yesterday However nothing worked again. No hot showers , no drink consumed , no technique I had used before with limited success. I just couldn't fall asleep even when I lied down for an hour with my eyes closed. I eventually gave up and did some remote work and watched a movie. I then had an early breakfast and went through the day in a haze until nodding off at my desk for an hour or two. During the pandemic I work 100% from home so the impact of this new experience has had less impact on my work life than it normally would . Its easier to work through the day tired if there's no commute and getting ready for work but my search online and of has begun because insomnia can be as debilitating as a major illness.",0.0,0.0,0.0,0.0,0.0,0.0,0.0,0.0,0.0,0.0,0.5,0.0,0.0,0.0,0.0,0.0,1.0,0.0
PP-R170,Yesterday I learned how to change a mirror on the driver side of my car. I live in a City now and the driver side mirror was broken off. It was expensive to fix when I got a dealer estimate. As a result I had ordered the mirror from the internet. I used youtube for a step by step guide as to how to remove the door panel and change out the power mirror. I did it and really learned not to be afraid to tackle this type of project.,0.0,0.0,0.0,0.0,0.0,0.0,0.0,0.0,0.0,0.0,0.0,0.0,0.5,0.0,0.0,0.0,0.0,0.0
PP-R171,"The woman who lives with me has what seems to be bronchitis. But she has no antibiotics. Neither of us has much money so it is difficult for me to pay for her doctor visits. I went to get her some generic Robitussin. All day yesterday, I heard her cough and she did not seem well. I told her we should go to the doctor but she says she will be fine. She has a multitude of physical and mental issues but she is also very stubborn. So, even though she knew I would pay for it, she refused to go to the emergency room to get some antibiotics. I am just hoping she is better when she wakes up today. Other than that incident, nothing particular happened yesterday. I was off work and I spent most of the day reading two books. One is called How Music Works and the other is called Willful Blindness.",0.0,0.0,0.0,0.0,1.0,0.0,0.0,0.0,0.0,0.0,0.0,0.0,0.0,0.0,0.0,0.0,0.0,0.0
PP-R172,"I live in an apartment with my small dog. I walk my dog regularly, to the neighbourhood parks during the day, and in the apartment private yard, which is fenced. There are a number of other people who take their dogs down to the yard every night, but due to COVID I tend to avoid other people whilst out and about. When I arrived at the yard, there were at least 4 or 5 dogs with their humans, none of the humans wearing masks or any other kind of face coverings. I left the yard without speaking to the other people, and unfortunately I think I may have offended someone.",0.0,0.0,0.0,0.0,0.0,0.0,0.0,0.0,0.0,0.0,0.5,0.0,0.0,0.0,0.0,0.0,0.0,0.0
PP-R173,"This is a small life event, but made my day. My neighbor and I often complain about the parking outside. There are always cars parked in front of our houses and little parking for the people who live here. A month or so ago, one person was incredibly inconsiderate. They would park late in the evening the night before garbage can pick up. They'd move one of my cans, but instead of putting it in the gutter on the other side, they'd leave it on the sidewalk. One week my can was so full I barely wheeled it to the curb and there it was minutes before the truck came in the middle of the sidewalk. Then, there was yesterday. I was putting out the sprinklers and got a surprise shower while switching from sprayer to sprinkler. As I was grumbling, a young Muslim woman and her son walked across the street. I had never seen them before, so went back to my hose. But, she wanted my attention. So, I stopped what I was doing to see what she needed. She told me that some days she takes her kids to the park and she wanted to ask for permission to park in front of the house when she did. She went on to add that she'd been meaning to ask me and didn't want to do it without permission. I about fell over! In the two years I've lived here, no one has asked permission. They just assume it is okay...even the ones who live on the next street where there is no parking. Of course, I said! We had a nice little chat and I told her to have a nice day. As she went on her way, I had a smile on my face. It does not take much to be considerate and respectful. It doesn't take much to let another person know that you are neighborly. It is annoying to feel you are being taken advantage of. I appreciated her asking in advance.",1.0,0.0,0.0,0.0,0.0,0.0,0.0,0.0,0.0,0.0,0.0,1.0,1.0,0.0,0.0,0.0,0.0,0.0
PP-R174,"It has been difficult having a social life in the midst of a pandemic. With most businesses closed and social distancing still a requirement finding human contact is tricky. My neighbor in my building has arranged what she calls hallway coffee. She organized a time for us all to bring chairs into the hallway along with coffee and we would sit together and catch up. Yesterday we met just after lunch. Everyone six feet apart but together in the same space. The coffee date lasted almost an hour as we swapped anecdotes about shopping and trying to follow directional arrows in grocery stores, what have become our favorite walks around the neighborhood and how well we think the shut down measures have been in tamping down the number of infections. We all agreed that we will be happy when we can abandon the new normal for some better semblance of the old.",0.0,1.0,0.0,0.0,0.0,0.0,0.0,0.0,0.0,0.0,0.0,0.0,0.5,0.0,0.5,0.0,0.0,0.0
PP-R175,"Not for everyone, but for very many of us, growing older means watching our lives grow smaller. The triumphs and defeats--the drama--of our youths are behind us and we are well-advised to learn to be content with the smaller stage that we now occupy. I am reminded of this circumstance almost every day. Yesterday, for example, I turned on the drip system to the plants in my backyard, limped across the front lawn to water a shrub that is struggling and used the water wand to irrigate the hanging baskets of flowers on my front porch. Running down the mental list of garden maintenance still undone, I settled on cutting back some vines. The honeysuckle overruns the fence into the neighbor's yard and the wild roses stubbornly insist on sprawling far beyond the limits of the flower bed. So, I clipped and trimmed for about fifteen minutes--that's as long as I can stay on my feet without a rest--and gathered up the clippings in a plastic yard waste bag. Just before I went back inside, I grabbed up three or four branches from the rose bushes. I put them in a tall glass vase on my desk. The wild roses are not so sophisticated as their cultivated cousins, but the red is vivid, real.",0.0,0.0,0.0,0.0,0.0,0.0,0.0,0.0,0.0,0.0,0.0,0.0,0.0,0.0,0.5,0.0,0.0,0.0
PP-R176,"As a concerned person about COVID 19, I always air on the side of caution. I have always been a person who washes their hands way too much and hygiene is extremely important to me so for me to go out in public and wear a mask is extremely important to me. What I can't stand is people who do not wear a mask and don't follow the rules in grocery stores. I went to the grocery store yesterday and got out of my car and put my mask on. Upon entry into the grocery store there are arrows in all the arrows so to allow for social distancing. Unfortunately, not everyone follows the arrows and the aisles aren't that wide to begin with which means you are less than 6 feet from a person. I proceed to go down the aisle and stopped to look for an item. A lady enters and saids to me you are just standing there at which point I said yes, I am just standing here because I am looking for an item. At which point, she pushes pass me and I proceed to tell her that she is going the wrong way down the aisle, don't you see the arrows and X's on the floor. I was so upset that people are so rude and really I shouldn't have said anything but she engaged me first and that was a mistake. Got my items and went to checkout.",0.0,0.0,1.0,0.0,0.0,0.0,0.0,0.0,0.0,0.0,0.0,0.0,0.0,0.0,0.0,1.0,0.0,0.0
PP-R177,"Yesterday I was working from home due to Covid-19 restrictions. My son and granddaughter are staying with me but due to the virus, it's been a dull summer for my granddaughter. She was coming in the office asking questions every 5 minutes and I could tell my son was running out of ways to entertain this child. I decided to take a long lunch and take them on a mini-adventure. Nearby there's a safari park that recently reopened. They usually give tours but due to the virus they've started a drive your own car through the park tour. We had a blast. From the car, they fed llamas, deer, buffalo, ostriches and some animals that I wasn't quite sure what they were. When we got home I realized something had drooled all over my car, I think it was a water buffalo that had recently wallowed in mud. We had a day they will always remember.",0.0,0.5,0.0,0.0,1.0,0.0,0.0,0.0,0.0,0.0,0.0,0.0,1.0,1.0,0.0,0.0,0.0,0.0
PP-R178,"After I retired, I went back to work as a casual employee. I find that even when you have a lot of experience in your job, you still don’t receive any respect. Yesterday was one of those days when it does matter what you do people want you to feel useless.",0.0,0.0,0.0,0.5,0.0,0.0,0.0,1.0,0.0,0.0,0.0,0.0,0.0,0.0,0.0,0.0,1.0,0.0
PP-R179,"Oh boy, yesterday! Got up early because I've been worried frantically for the last couple days about a batch of hits I did for Amazon. Afterward, lots of different people on a mturk blog were complaining that they were all rejected. I couldn't afford for my approval rate to go down so I've been worried sick about the 150 batch hits from them that have not been approved yet (they were all approved late that day....phew!) I worked on hits from mturk until about 2:00. At that point, I was pulling my hair out because there wasn't very much work. It was a beautiful day and I decided to call the local pond place to see if they were open (because of the virus). I had cleaned out my small pond on Sunday and almost killed myself from working in the heat. I saved most of the fish but the plants were dying and old and I knew I had to replace them. So I got in my car and drove about 20 minutes to the pond place in Spring Hill. The only person working was a lady and she showed me some plants that would replace the dying ones. I bought those then continued on to Publix to shop. On my way there, I remembered I had forgotten my gloves and mask but the ride back home would have been out of the way. I got to Publix and noticed the people coming and going were not wearing gloves or masks like they all did two weeks previously in my last stop there. I only had to buy a couple really needed things. When I got home I washed my hands and arms for more than 20 seconds, scrubbing furiously! By then it was 4:30 and my dog Ernie was yapping for dinner. After I fed him, I had a glass of wine on my back porch. I realized that I was beat! I've lived in Florida for years but found that since I'm now older, the heat really knocks you out when you're older. I was so beat, I didn't bother making dinner, just ate a box of crackers I had bought at the store and a pint of ice cream. The rest of the night I watched episodes of a TV special on the Waco situation from 1990's. I went to bed at midnight.",0.0,0.0,0.0,0.0,0.0,0.0,0.0,0.0,0.0,0.0,0.0,0.0,0.0,0.0,0.0,0.0,0.0,0.0
PP-R180,"The woman who was running the store gave me my food and said, ""you have a really beautiful voice!""",0.0,0.0,0.0,0.0,0.0,0.0,0.0,0.0,0.0,0.0,0.0,0.5,0.5,0.0,0.0,0.0,0.0,0.0
PP-R181,I have taken a job that takes inbound call for PBS and donar pledges and issues with PBS. I am getting better at it every day. I am also a minister to numerous people in chat every day.,0.0,0.0,0.0,0.0,1.0,0.0,0.0,0.0,0.0,0.0,0.0,0.0,0.5,0.0,0.5,0.0,0.0,0.0
PP-R182,Yesterday was like an ordinary day for me and there is not much different from any other day. After getting out of bed in the morning I texted a person then had a bowl of mixed fruit for breakfast with a glass of orange juice. Then after that I was on my computer till about 3pm while listening to the radio. Then I took a shower and changed my clothes making it time for having chicken with potatoes and vegtables that my mom cooked for dinner with my mom and dad around 4:30 till 5:30pm. After having dinner I was on my computer surfing the internet while listening to the radio till I went to sleep around 1am.,0.0,0.0,0.0,0.0,0.0,0.0,0.0,0.0,0.0,0.0,0.0,0.0,0.0,0.0,0.0,0.0,0.0,0.0
PP-R183,"Due to COVID-19, I only go out once a week. Yesterday I went to the grocery store. I went at 9 o'clock in the morning so it was less crowded. I tried to get enough groceries for a week. I wear a mask when I go to the grocery store. I wash my hands with hand sanitizer when I get out of the grocery store. I came home and put away the groceries. I watched television for a little while. Then, I made lunch. After lunch, I checked Facebook. I called my sister because she had texted me whie I was at the store. I watched the news at 5 o'clock. Then, I made dinner. I watched some more television after I ate dinner. Around 8 o'clock, I called one of my friends and talked for about an hour. Then, I watched some episodes of Seinfeld. After that, I went to bed.",0.0,0.0,0.0,0.0,0.0,0.0,0.0,0.0,0.0,0.0,0.0,0.0,0.0,0.0,0.0,0.0,0.0,0.0
PP-R184,nothing really happened to me that made me smile or anything,0.0,0.0,0.0,0.0,0.0,0.0,0.0,0.0,0.0,0.0,0.0,0.0,0.0,0.0,0.0,0.0,0.0,0.0
PP-R185,I am totally able to deeply ruminate,0.0,0.0,0.0,0.0,0.0,0.0,0.0,0.0,0.0,0.0,0.0,0.0,0.0,0.0,0.0,0.0,0.0,0.0
PP-R186,my mind works faster than my hand,0.0,0.0,0.0,0.0,0.0,0.0,0.0,0.0,0.0,0.0,0.0,0.0,0.0,0.0,0.0,0.0,0.0,0.0
PP-R187,"Yesterday was a pretty typical Monday. I got up at 6 a.m. and ate a small breakfast and drank a cup of coffee. My wife and I read the Bible and prayed before she left to go to a temporary job where she works two days a week. I went to the gym and jogged for four miles like I do every other day. When I got back home, I checked my emails then did some computer work. Because the pollen is so bad, I decided to wash my SUV and did a little yard work. When my wife got home, we ate dinner and watched a couple TV programs before going to bed about 10:30 p.m.",0.0,0.0,0.0,0.0,0.0,0.0,0.0,0.0,0.0,0.0,0.0,0.0,0.0,0.5,0.0,0.0,0.0,0.0
PP-R188,"I used to believe that if I wrote when I felt ""inspired"" that what came out would be good, useful, elegant, wise.",0.0,0.0,0.0,0.0,0.0,0.0,0.0,0.5,0.0,0.0,0.0,0.0,0.0,0.0,0.0,0.0,0.0,0.0
PP-R189,"Journaling daily feels like a save point for me. Like it gives me a chance to put everything down and then I don't have to have it on my mind, because its on paper instead.",0.0,0.0,0.0,0.0,0.0,0.0,0.0,0.0,0.0,0.0,0.0,0.0,0.5,0.0,0.0,0.0,0.0,0.0
PP-R190,"Since this pandemic, my son and I have taken long walks everyday, most days twice a day. All week it has been rainy and stormy, so we try to time the walks in between rain showers. I use the ""Dark Sky"" app on my Iphone to track the weather. I saw that the rain was an hour away so I told him let's go for our walk quickly. We got down a few streets and the wind started whipping around. I thought to myself, we'll just walk fast and go our usual route. I didn't have the umbrella. Then thunder started rumbling. I thought we are going to be out here and it will start raining buckets and we'll be drenched. So I told my son, turn around we need to go back to the house. We did and made it back before it really did start to have a very bad storm.",0.0,0.0,0.0,0.5,0.0,0.0,0.0,0.0,0.0,0.0,0.0,0.0,0.0,0.0,0.0,0.0,0.0,0.0
PP-R191,"Nothing earthshattering happen yesterday. I woke up and did my ""usual"" activities: praying, eating breakfast, and spending a little time on the computer. I changed into clothes, exercised and spent time outside weeding. After lunch, I watched a video from a virtual religious conference while cross-stitching. I reheated supper. After supper, there was a thunderstorm. I hooked my kindle to a hotspot and looked at facebook while waiting for the storm to stop. I washed dishes. We prayed a family rosary before going to bed.",0.0,0.0,0.0,0.0,0.0,0.0,0.0,0.0,0.0,0.0,0.0,0.0,0.0,0.0,0.0,0.0,0.0,0.0
PP-R192,"Yesterday was just an ordinary day. I got up as usual and went for a walk with my husband. This is always start our day and have for a number of years. We get our exercise in first thing and are ready for our day. The rest of the day was spent on normal things like lunch, laundry, puzzles and reading. At dinner time we made something quick and settled down for an evening of TV. We had a bowl of ice cream during a show and then went to bed.",0.0,0.0,0.0,0.0,0.0,0.0,0.0,0.0,0.0,0.0,0.0,0.0,0.0,0.5,0.0,0.0,0.0,0.0
PP-R193,I did some dishes yesterday,0.0,0.0,0.0,0.0,0.0,0.0,0.0,0.0,0.0,0.0,0.0,0.0,0.0,0.0,0.0,0.0,0.0,0.0
PP-R194,I really enjoy a nice cup of tea ❤️,0.0,0.0,0.0,0.0,0.0,0.0,0.0,0.0,0.0,0.0,0.0,0.0,1.0,0.0,0.0,0.0,0.0,0.0
PP-R195,"I used to like squirrels. I always thought they looked like they were having a great time; jumping from limb to limb and virtually flying through the air like some sort of little furry, bushy tailed, trapeze artist. It always made me happy to watch them. But lately, yesterday included, a particular squirrel is beginning to test my patience. Every morning, I fill a bird feeder and hang it in the tree outside my kitchen window. This feeder has become quite the breakfast hot spot for most of the neighborhood birds; there is often a wait, and the spillover crowd fills the branches surrounding the feeder. All this activity has attracted the attention of an inquisitive squirrel, who has found that he can jump into the tree, run along the branch and pull the top off of the bird feeder, spilling all the food onto the ground below. He then jumps down and feasts on his sunflower seed booty. I have caught him in the act a couple of times; usually a sharp rap on the kitchen window makes him scurry away; but not yesterday. Yesterday, he defied me. He ignored my kitchen window warning and continued to try and upend the feeder, knowing all the while that I was watching him. He actually stared at me through the kitchen window, eyes full of defiance, forcing me to open the back door and walk towards the tree before he ran up high, barking and chattering his complaints the whole way. For a brief moment, his particular squirrel's aggressive and disruptive behavior made me wary of all squirrels, or at least it did for a couple of minutes, I think I'm over it now.",0.0,0.0,1.0,0.5,0.0,0.0,0.0,0.0,0.0,0.0,0.0,0.0,0.0,0.0,0.0,0.0,0.0,0.0
PP-R196,"Yesterday started out like most days. I woke up after a late night and made coffee. Didn't really feel like doing much of nothing. Things in my household are pretty mundane, Watch a little TV, Read a book or find something to do in the garage. I decided to just be lazy and lounge around until time to go bowling which was at six that night. I dressed around four thirty and made my way to the bowling center, Where I did have a little work to do in the Pro Shop. I wasn't feeling the best so I ended up taking an extra pain pill and man was that a mistake. By the time I started bowling, It was like I had drank a fifth of liquor. My head was spinning and I had no control over my bowling ball. As it wore off, I was able to regain some of my senses and ended up maintaining my average. I learned last night that it's not good to take two number 10 oxcy's back to back...... Not if you want to keep both feet on the ground.",0.0,0.0,0.0,0.0,0.0,0.0,0.0,0.0,0.0,0.0,0.0,0.0,0.0,0.0,0.0,0.5,0.0,0.0
PP-R197,I am grateful of this air and nice weather today.,0.0,0.0,0.0,0.0,0.0,0.0,0.0,0.0,0.0,0.0,0.0,1.0,0.5,0.0,0.0,0.0,0.0,0.0
PP-R198,In my case I get annoyed.,0.0,0.0,0.0,1.0,0.0,0.0,0.0,0.0,0.0,0.0,0.0,0.0,0.0,0.0,0.0,0.0,0.0,0.0
PP-R199,I'm afraid to get weird looks.,0.0,0.0,0.0,0.0,0.0,0.0,0.0,0.0,0.0,0.0,1.0,0.0,0.0,0.0,0.0,0.0,0.0,0.0
PP-R200,"short, senseless writing - which I don’t really like",0.0,0.0,0.0,0.0,0.0,0.0,0.0,0.0,0.0,0.0,0.0,0.0,0.0,0.0,0.0,0.0,0.0,0.0
PP-R201,"Each time when I go out, I can see the petrol price has been gradually climbing and remain overall expensive. I can fuel my car for around $60~$70 last year around time, but now I estimate that I need at least $90-$100.",0.0,0.0,0.0,0.5,0.0,0.0,0.0,0.0,0.0,0.0,0.0,0.0,0.0,0.0,0.0,0.0,0.0,0.0
PP-R202,"I went to a clinic to meet my new PCP because my former PCP was not caring for me as much as I needed from her. The Nurse Practitioner wasn't happy at the extent of neglect I suffered even though I have a disease that needs constant monitoring. I told her about how I was told to take a medicine that half of it got trapped in my skin and made it itch so badly, I wanted to rip my skin off. She wasn't happy that I wasn't seeing several specialists to help me with the other symptoms and she didn't like the reduced response of my nerves in my legs. I told her I had had some problems with neuropathy but people just poked my foot and did nothing more. I think I will get better care from my new PCP and look forward to seeing her again.",0.5,0.0,0.0,0.0,0.0,0.0,0.0,0.0,0.0,0.0,0.0,0.0,0.0,0.0,0.5,0.0,0.0,0.0
PP-R203,"The fires are 50 miles away, but their smoke plumes turn the sun red and darken the skies. I had been coughing and breathless for weeks but was unsure if smoke was the cause. Was it encroaching COPD or pneumonia? Was it cancer or a blood clot? I finally went to the doctor yesterday for bloodwork and a chest xray. All was clear. All tests just fine. and although I was shill short of breath and coughing, I could breathe a sigh of relief. A reaction to smoke was the culprit. Stay inside until it clears, the doctor advised. THis is the 8th week of smoke. How much longer can it last?",0.0,0.0,0.0,0.0,0.0,0.5,0.5,0.0,0.0,0.0,0.5,0.0,0.0,0.0,0.0,0.0,0.0,0.0
PP-R204,"I got in my car to go vote at a polling location I was unfamiliar with. I used Google map and found my way there just fine, but got lost on the way home. I wasn't totally lost and knew I'd find my way back eventually, it just took me about a half an hour extra to get home. On the way, I got a nice view of a lake and it was a beautiful day.",0.0,0.0,0.0,0.0,0.0,0.0,0.0,0.0,0.0,0.0,0.0,0.0,0.0,0.0,0.0,0.0,0.0,0.0
PP-R205,I also don’t like how I sound when I read it over.,0.0,0.0,0.0,0.5,0.0,0.0,0.0,0.0,0.0,0.0,0.0,0.0,0.0,0.0,0.0,0.0,0.5,0.0
PP-R206,People who bring their whole house on flights are annoying.,0.0,0.0,0.0,1.0,0.0,0.0,0.0,0.0,0.0,0.0,0.0,0.0,0.0,0.0,0.0,0.0,0.0,0.0
PP-R207,"My father passed away less than a week ago. He was almost 88 years old and in fairly reasonable physical health. He went into medical distress and did not recover. The past six days have been a mix of emotions, immense sadness for our unexpected loss, concern for our elderly mother, dealing with numerous practical tasks of the funeral arrangements, and happy memories too for a life well-lived. I was honoured by my family to write my father’s obituary. Due to Covid-19 restrictions, we could not cross the border into a neighbouring province. We missed the viewing that was held three days ago but hope we will be able to attend the memorial and burial service this spring, all together as a family. The suddenness of my father’s passing and the busy few days that followed, left me little time for myself and for self-reflection. I know the grieving process now has really just begun as reality sets in. That is the context and background of my story. Yesterday, I took a couple of hours by myself and for myself. It was a beautiful sunny, cold day and with a blue sky. I walked for two hours, along the shore and on to the library, one of my favourite places. Here I selected three books of fiction, light reading really. When I got home, I immersed myself in one of the books. My day was one of loss, quiet and in finding solace in my walk and books.",0.0,0.0,0.0,0.0,1.0,0.0,0.0,0.0,0.0,0.0,0.0,0.0,0.0,1.0,0.0,0.0,1.0,0.0
PP-R208,"It was a beautiful spring day, though I hardly noticed as I searched for typing jobs from my easy chair. My workplace had closed down for several weeks due to the pandemic and had recently started to open up, but we were only allowed to work on certain days so as to spread people out. I'd found a work from home job typing audio transcripts to try to earn some extra money to make up for the shortfall. Looking at the list of available jobs, I chose one and started to type. Unfortunately the subject matter was biological agents used in European agriculture, a subject I have no knowledge of. The people talking had thick accents. At times I had no idea what they were saying. Hours later, I finally finished the job and submitted it, realizing that it had taken me so long to do that I earned about $4 an hour. Oh, well! At least it's something!",0.0,0.0,0.0,0.0,0.0,0.0,0.0,0.0,0.0,0.0,0.0,0.0,0.0,0.0,0.0,0.0,0.0,0.0
PP-R209,"Yesterday I tried to figure out the tangled web of lies my truth-challenged cousin related about her recent surgery. When I talked to her mother and sister I discovered that each of us had been presented with differing version of the type of surgery, extent of the survey, recovery time, and almost every other detail. Between having a cold, dealing with a distant cousin (distant by my choice, she's a first cousin) who is probably a pathological liar, realizing my fifteen year cat has gotten even more overweight, watching my stocks go up and down, and listening to that total @@#$*&@#%^ of a person who lives in the White House and claims to be ""President,"" I did not have a happy day. I overslept after coughing myself awake several time. I finished a pretty good book and started the second book in Michael Connelly's Lincoln Lawyer series (he's my favorite author). I played with the cat, was cranky to be around, and ate too much of a very good dinner I made from scratch. The best part of my day was discovering my new book looks really good and that the movie Stan & Ollie turned out to be VERY good indeed! Ending the day on a high note after a lousy beginning made all the difference.",0.0,0.5,0.5,1.0,0.0,0.0,0.0,0.0,0.0,0.0,0.0,0.0,0.0,0.0,0.0,0.0,0.0,0.0
PP-R210,"I have had covid 19 for three months and yesterday went to the doctor and had a good check up finally. I had been waiting for some goods news, any goods news after fighting this awful virus for so long. I was very nervous to go to the appt. but was happy to be on the road to returning to normal. I was given more medicine that will help me recover completely and intend to follow all orders.",0.0,0.0,0.0,0.0,0.0,0.0,0.0,0.0,0.0,0.0,0.5,0.0,0.5,0.0,0.5,0.0,0.0,0.0
PP-R211,"Due to school being cancelled, I have taken on the role of tutor for my grandson. He is an active first grader that finds it difficult to stay focused on online tasks. He comes and spends the day with me so that his parents can work without interruption. I have enjoyed it and felt a very close connection with him. We do a lesson as prescribed by his teacher and then we take a break. The first week I taught him to ride a 2 wheeler without his training wheels. Now everyday we get to ride bikes together. Throughout the day we do a lesson then we take a break. Usually he chooses to ride bikes on his break even if we've done it before that day, but sometimes he chooses to play a card game or play legos. I will miss this special time together when he goes back to school. The only regret I have is not being able to do it with all of my grandchildren as they can't be together during this lock down time.",0.0,0.0,0.0,0.0,1.0,0.0,0.0,0.5,0.0,0.0,0.0,0.0,1.0,1.0,0.0,0.0,0.0,0.0
PP-R212,"Yesterday was like every other day. I awoke to my companion animal, Summer, a cat who was abandoned nearby several years ago, who was kneading on my chest, ready to begin her day with a generous breakfast. It was only 4:30 a.m., but I relented and got myself out of bed and into the kitchen, where I prepared her favorite food. I live alone, have no next-of-kin, no family, no spouse, no children and I'm not well-connected socially in my small village. I've been suffering from depression for the past eighteen years and I've had two heart attacks. Being alone in the world is a frightening reality when one is advancing in age. After catching up on the news, with once again the monster Trump dominating life in America, I spent the day completing tasks on Mechanical Turk. Having lost all of my assets, including retirement funds, due to health issues some years ago, I survive on a monthly Social Security check of US$1,256. The relatively small earnings from MTurk help me get through the month. Yesterday was the first day of the month; the third day of each month is when my Social Security check arrives by direct deposit into my bank account. These last several days of the month, I am once again completely out of money. I have to get through two more days, until the third, when I will have funds again. Yesterday and today I will feed myself and Summer on whatever I can scrounge from the kitchen. I may have just enough pocket change for an outdated loaf of bread at the supermarket and two cans of reasonably good cat food. I wish I had something to look forward to. I wish I had a best friend to talk to. I wish Katherine, another cat who succumbed to cancer two months ago, could come back. She always brought a smile to my face and a reason to face each day.",0.0,0.0,0.0,0.5,0.0,0.0,0.0,0.5,0.0,0.0,0.0,0.0,0.0,0.0,0.5,0.0,1.0,0.0
PP-R213,"I got a better grade in a course than I had expected, so that’s nice.",0.0,0.0,0.0,0.0,0.0,0.0,0.0,0.0,0.0,0.0,0.0,0.0,1.0,0.0,0.0,0.0,0.0,1.0
PP-R214,"My dad may come to Canada in October and bring our little dog with him to visit me. I looked online for a checklist about bringing a small dog into Canada and sent it to him. I am really looking forward to seeing them. I miss them so much, and I cannot wait to spend time with my dog again.",0.0,0.0,0.0,0.0,0.0,0.0,0.0,0.0,0.0,0.5,0.0,0.0,0.5,0.0,0.0,0.0,0.0,0.0
PP-R215,"I said No Thank you, that was disgusting and you are disgusting, so watch the game and let it go...",0.0,0.0,0.0,0.5,0.0,0.0,0.0,0.0,1.0,0.0,0.0,0.0,0.0,0.0,0.0,0.0,0.0,0.0
PP-R216,"I'm grateful for my little dog, she makes me laugh 🤣🤣🤣",0.0,1.0,0.0,0.0,0.0,0.0,0.0,0.0,0.0,0.0,0.0,1.0,0.5,0.0,0.0,0.0,0.0,0.0
PP-R217,"Yesterday, I had a wildly social adventure. I finished and delivered a few pieces of custom ordered coin jewelry to the venue where I consign them for sale. The carefully masked shop clerk met me outside the front door of the shop and thanked me for the delivery, then brought me a stack of checks covering the last four months of sales. We actually spoke several sentences, in person (safely distanced, of course)! After that, I stopped by a dear old friend's home to drop off a check, in partial repayment of a kind and generous personal loan. I slipped it through the barely cracked front door, at arm's length. Then, we chatted for a few minutes, before I headed for home. It was simultaneously heart-warming and heart-breaking to see a personal friend for the first time in nearly a year. Someday, we will be able to hug again.",0.0,0.0,0.0,0.0,0.0,0.0,0.0,0.0,0.0,0.0,0.0,0.5,0.0,0.5,0.5,0.0,0.0,0.0
PP-R218,This made me happy.. a little sad too,0.0,0.0,0.0,0.0,0.0,0.0,0.0,0.0,0.0,0.0,0.0,0.0,1.0,0.0,0.0,0.0,0.5,0.0
PP-R219,"And that's why your post helps, and why it made me smile.",0.5,0.0,0.0,0.0,0.0,0.0,0.0,0.0,0.0,0.0,0.0,0.5,0.5,0.0,0.0,0.0,0.0,0.0
PP-R220,"It was hot yesterday -- over 90! My sister and I decided to take our granddaughters to the local swimming hole to get cooled down. And cooled down we did! There is a wonderful swinging rope over the deepest part of the river where you can just fly over the water and drop into the cold, clear water. But first you have to be brave enough to scale the slippery rock cliff to get to the waiting rope. Two out of the four succeeded. Not bad. I brought my 4 year old dog -- part Lab, part everything else. He's not particularly brave and for being part Lab, he doesn't really like the water. But he has a beautiful soul and loves to go on car rides and be near the kids, so he wanted to go to. Anxiously awaiting when the kids finally got out of the water and returned to his side. The kids had their usual chicken fights in the water. They are always hilarious to watch and my sister and I always bet on who's going to win. I love these times during our summer visits. This is our seventh summer my sister and I have been able to have our grandchildren during summer break.",0.0,0.5,0.0,0.0,1.0,0.0,0.0,0.0,0.0,0.0,0.0,0.0,1.0,1.0,0.0,0.0,0.0,0.0
PP-R221,"It’s pandemic time here. We’ve been quarantining for several weeks. Walking the dog and an occasional trip to the grocery store (where only one of us is allowed to shop at a time) are our only bits of human contact. I’ve been trying to think of a distraction, and have decided to send little thoughts out to passing neighbors by making sidewalk chalk messages on our driveway. Yesterday, I wrote: “5 O’clock: that’s Quarantini time!”. With a little drawing of a martini glass with an olive. It’s nice to see the passerby’s give a smile and thumbs up when they see it.",0.0,0.0,0.0,0.0,0.5,0.0,0.0,0.0,0.0,0.0,0.0,0.0,0.5,0.0,0.0,0.0,0.0,0.0
